ptp,counterbalancing,rt,mouse_clientX,mouse_clientY,row,col,correct,pa_center_x,pa_center_y,condition,arrangement,learning_stage,block,block_trial_idx,pa_img,pa_img_type,corr_row,corr_col,top_offset,left_offset,time_elapsed,mouse_dist_cb,mouse_error,pa_img_row_number,pa_img_row_number_across_blocks,dist_border_l,dist_border_r,dist_border_t,dist_border_b,border_dist_closest,border_dist_summed,display_information.wrapper_arena_position.x,display_information.wrapper_arena_position.y,display_information.wrapper_arena_position.width,display_information.wrapper_arena_position.height,display_information.wrapper_arena_position.top,display_information.wrapper_arena_position.right,display_information.wrapper_arena_position.bottom,display_information.wrapper_arena_position.left,display_information.grid_border_position.x,display_information.grid_border_position.y,display_information.grid_border_position.width,display_information.grid_border_position.height,display_information.grid_border_position.top,display_information.grid_border_position.right,display_information.grid_border_position.bottom,display_information.grid_border_position.left,display_information.grid_box_position.x,display_information.grid_box_position.y,display_information.grid_box_position.width,display_information.grid_box_position.height,display_information.grid_box_position.top,display_information.grid_box_position.right,display_information.grid_box_position.bottom,display_information.grid_box_position.left,display_information.window_scroll_x,display_information.window_scroll_y,display_information.window_innerHeight,display_information.window_innerWidth,display_information.window_outerHeight,display_information.window_outerWidth
sub_001,cb6,713.5,770,533,6,9,0,782.3437576,742.0659866,practice,6,schema_pa,1,1,img/targets/BOSS/high_familiarity_downsized/practice/006_fridge.jpg,,11,9,80,37,4894,221.4097443,209.4300721,1,1,8,3,10,1,1,4,360.0000305,193.3854218,702.222229,702.222229,193.3854218,1062.22226,895.6076508,360.0000305,398.107666,274.4965515,560,560,274.4965515,958.107666,834.4965515,398.107666,428.107666,304.4965515,500.0000305,500.0000305,304.4965515,928.1076965,804.496582,428.107666,0,0,1137,1422,1008,1264
sub_001,cb6,1716.7,640,554,6,6,0,459.6701736,564.5833817,practice,6,schema_pa,1,2,img/targets/BOSS/high_familiarity_downsized/practice/002_frenchfries.jpg,,6,2,111,6,9630,190.913208,180.6401236,1,1,1,10,5,6,1,6,360.0000305,193.3854218,702.222229,702.222229,193.3854218,1062.22226,895.6076508,360.0000305,367.100708,305.4861145,560,560,305.4861145,927.100708,865.4861145,367.100708,397.100708,335.4861145,500.0000305,500.0000305,335.4861145,897.1007385,835.486145,397.100708,0,0,1137,1422,1008,1264
sub_001,cb6,854.8,607,636,7,5,0,660.3472366,629.3924026,practice,6,schema_pa,1,3,img/targets/BOSS/high_familiarity_downsized/practice/004_candycane01a.jpg,,7,6,134,40,13492,59.95483398,53.75488814,1,1,5,6,6,5,5,10,360.0000305,193.3854218,702.222229,702.222229,193.3854218,1062.22226,895.6076508,360.0000305,401.111145,328.4895935,560,560,328.4895935,961.111145,888.4895935,401.111145,431.111145,358.4895935,500.0000305,500.0000305,358.4895935,931.1111755,858.489624,431.111145,0,0,1137,1422,1008,1264
sub_001,cb6,545,717,657,9,6,0,748.0034866,364.9132156,practice,6,schema_pa,1,4,img/targets/BOSS/high_familiarity_downsized/practice/005_desktopcomputer.jpg,,2,7,78,86,17049,323.090271,293.7276047,1,1,6,5,1,10,1,6,360.0000305,193.3854218,702.222229,702.222229,193.3854218,1062.22226,895.6076508,360.0000305,447.100708,272.482666,560,560,272.482666,1007.100708,832.482666,447.100708,477.100708,302.482666,500.0000305,500.0000305,302.482666,977.1007385,802.4826965,477.100708,0,0,1137,1422,1008,1264
sub_001,cb6,1099.1,587,424,2,2,0,723.6806107,759.2534866,practice,6,schema_pa,1,5,img/targets/BOSS/high_familiarity_downsized/practice/003_toilet.jpg,,10,5,139,145,21169,471.9340973,362.0448724,1,1,4,7,9,2,2,6,360.0000305,193.3854218,702.222229,702.222229,193.3854218,1062.22226,895.6076508,360.0000305,506.111145,333.4895935,560,560,333.4895935,1066.111145,893.4895935,506.111145,536.111145,363.4895935,500.0000305,500.0000305,363.4895935,1036.111176,863.489624,536.111145,0,0,1137,1422,1008,1264
sub_001,cb6,1443.5,657,401,3,7,0,679.0104446,356.9271011,practice,6,schema_pa,1,6,img/targets/BOSS/high_familiarity_downsized/practice/005_desktopcomputer.jpg,,2,7,70,17,25631,66.08334351,49.26337471,2,2,6,5,1,10,1,6,360.0000305,193.3854218,702.222229,702.222229,193.3854218,1062.22226,895.6076508,360.0000305,378.107666,264.4965515,560,560,264.4965515,938.107666,824.4965515,378.107666,408.107666,294.4965515,500.0000305,500.0000305,294.4965515,908.1076965,794.496582,408.107666,0,0,1137,1422,1008,1264
sub_001,cb6,1157.9,601,585,7,5,0,637.3437576,584.3924026,practice,6,schema_pa,1,7,img/targets/BOSS/high_familiarity_downsized/practice/004_candycane01a.jpg,,7,6,89,17,29797,36.95135498,36.3488362,2,2,5,6,6,5,5,10,360.0000305,193.3854218,702.222229,702.222229,193.3854218,1062.22226,895.6076508,360.0000305,378.107666,283.4895935,560,560,283.4895935,938.107666,843.4895935,378.107666,408.107666,313.4895935,500.0000305,500.0000305,313.4895935,908.1076965,813.489624,408.107666,0,0,1137,1422,1008,1264
sub_001,cb6,891.9,957,473,4,11,0,968.6806107,416.7187576,practice,6,schema_pa,1,8,img/targets/BOSS/high_familiarity_downsized/practice/007_key07.jpg,,3,11,88,140,33693,67.96185303,57.48056113,1,1,10,1,2,9,1,3,360.0000305,193.3854218,702.222229,702.222229,193.3854218,1062.22226,895.6076508,360.0000305,501.111145,282.482666,560,560,282.482666,1061.111145,842.482666,501.111145,531.111145,312.482666,500.0000305,500.0000305,312.482666,1031.111176,812.4826965,531.111145,0,0,1137,1422,1008,1264
sub_001,cb6,1829.4,726,341,3,5,0,725.6771317,630.2604446,practice,6,schema_pa,1,9,img/targets/BOSS/high_familiarity_downsized/practice/003_toilet.jpg,,10,5,10,147,38528,289.583313,289.2606248,2,2,4,7,9,2,2,6,360.0000305,193.3854218,702.222229,702.222229,193.3854218,1062.22226,895.6076508,360.0000305,508.107666,204.4965363,560,560,204.4965363,1068.107666,764.4965363,508.107666,538.107666,234.4965363,500.0000305,500.0000305,234.4965363,1038.107697,734.4965668,538.107666,0,0,1137,1422,1008,1264
sub_001,cb6,1151.5,890,441,3,11,1,873.6806107,426.7187576,practice,6,schema_pa,1,10,img/targets/BOSS/high_familiarity_downsized/practice/007_key07.jpg,,3,11,98,45,42687,30.60063171,21.68585604,2,2,10,1,2,9,1,3,360.0000305,193.3854218,702.222229,702.222229,193.3854218,1062.22226,895.6076508,360.0000305,406.111145,292.482666,560,560,292.482666,966.111145,852.482666,406.111145,436.111145,322.482666,500.0000305,500.0000305,322.482666,936.1111755,822.4826965,436.111145,0,0,1137,1422,1008,1264
sub_001,cb6,946.6,495,417,4,2,0,504.6701736,508.5937881,practice,6,schema_pa,1,11,img/targets/BOSS/high_familiarity_downsized/practice/002_frenchfries.jpg,,6,2,55,51,46641,101.2639618,92.10284624,2,2,1,10,5,6,1,6,360.0000305,193.3854218,702.222229,702.222229,193.3854218,1062.22226,895.6076508,360.0000305,412.100708,249.4965363,560,560,249.4965363,972.100708,809.4965363,412.100708,442.100708,279.4965515,500.0000305,500.0000305,279.4965515,942.1007385,779.496582,442.100708,0,0,1137,1422,1008,1264
sub_001,cb6,1451.8,824,734,11,10,0,784.3403397,722.0659866,practice,6,schema_pa,1,12,img/targets/BOSS/high_familiarity_downsized/practice/006_fridge.jpg,,11,9,60,39,51098,51.59367371,41.41629309,2,2,8,3,10,1,1,4,360.0000305,193.3854218,702.222229,702.222229,193.3854218,1062.22226,895.6076508,360.0000305,400.104187,254.4965363,560,560,254.4965363,960.104187,814.4965363,400.104187,430.104187,284.4965515,500.0000305,500.0000305,284.4965515,930.1042175,784.496582,430.104187,0,0,1137,1422,1008,1264
sub_001,cb6,1586.5,695,534,9,8,0,834.4375,573.375,random_loc,1,schema_pa,1,1,img/targets/BOSS/high_familiarity_downsized/cond2/037_doorhandle.jpg,,10,11,10,77,5624,178.8125,144.8903276,1,1,10,1,9,2,1,3,289,136.59375,702,702,136.59375,991,838.59375,289,367,147.59375,560,560,147.59375,927,707.59375,367,397,177.59375,500,500,177.59375,897,677.59375,397,0,0,1024,1280,1008,1264
sub_001,cb6,1032.8,860,616,8,10,0,540.4453125,609.0390625,random_loc,1,schema_pa,1,2,img/targets/BOSS/high_familiarity_downsized/cond2/042_curtain.jpg,,8,2,129,158,9681,326.515625,319.6304944,1,1,1,10,7,4,1,5,289,136.59375,702,702,136.59375,991,838.59375,289,448,266.59375,560,560,266.59375,1008,826.59375,448,478,296.59375,500,500,296.59375,978,796.59375,478,0,0,1024,1280,1008,1264
sub_001,cb6,279.8,768,554,9,8,0,583.78125,333.375,random_loc,1,schema_pa,1,3,img/targets/BOSS/high_familiarity_downsized/cond2/041_carsidemirror01.jpg,,4,4,20,118,12973,404.84375,287.4229261,1,1,3,8,3,8,3,6,289,136.59375,702,702,136.59375,991,838.59375,289,408,157.59375,560,560,157.59375,968,717.59375,408,438,187.59375,500,500,187.59375,938,687.59375,438,0,0,1024,1280,1008,1264
sub_001,cb6,436.3,567,503,7,6,0,739.78125,276.03125,random_loc,1,schema_pa,1,4,img/targets/BOSS/high_familiarity_downsized/cond2/032_flipflop01b.jpg,,2,10,46,24,16433,399.75,285.2510716,1,1,9,2,1,10,1,3,289,136.59375,702,702,136.59375,991,838.59375,289,314,183.59375,560,560,183.59375,874,743.59375,314,344,213.59375,500,500,213.59375,844,713.59375,344,0,0,1024,1280,1008,1264
sub_001,cb6,398,655,467,6,8,0,545.4453125,673.0390625,random_loc,1,schema_pa,1,5,img/targets/BOSS/high_familiarity_downsized/cond2/030_bathtub.jpg,,11,5,68,38,19853,315.59375,233.3545046,1,1,4,7,10,1,1,5,289,136.59375,702,702,136.59375,991,838.59375,289,328,205.59375,560,560,205.59375,888,765.59375,328,358,235.59375,500,500,235.59375,858,735.59375,358,0,0,1024,1280,1008,1264
sub_001,cb6,399.2,588,530,7,6,0,779.4453125,498.7109375,random_loc,1,schema_pa,1,6,img/targets/BOSS/high_familiarity_downsized/cond2/038_aceofdiamond.jpg,,6,11,102,22,23270,222.734375,193.9853425,1,1,10,1,5,6,1,6,289,136.59375,702,702,136.59375,991,838.59375,289,312,239.59375,560,560,239.59375,872,799.59375,312,342,269.59375,500,500,269.59375,842,769.59375,342,0,0,1024,1280,1008,1264
sub_001,cb6,1524,883,680,11,11,0,871.4375,643.375,random_loc,1,schema_pa,1,7,img/targets/BOSS/high_familiarity_downsized/cond2/037_doorhandle.jpg,,10,11,80,114,27803,48.1875,38.40679668,2,2,10,1,9,2,1,3,289,136.59375,702,702,136.59375,991,838.59375,289,404,217.59375,560,560,217.59375,964,777.59375,404,434,247.59375,500,500,247.59375,934,747.59375,434,0,0,1024,1280,1008,1264
sub_001,cb6,1061.5,743,390,3,7,0,913.4453125,534.7109375,random_loc,1,schema_pa,1,8,img/targets/BOSS/high_familiarity_downsized/cond2/038_aceofdiamond.jpg,,6,11,138,156,31869,315.15625,223.5908316,2,2,10,1,5,6,1,6,289,136.59375,702,702,136.59375,991,838.59375,289,446,275.59375,560,560,275.59375,1006,835.59375,446,476,305.59375,500,500,305.59375,976,805.59375,476,0,0,1024,1280,1008,1264
sub_001,cb6,1532,454,627,10,3,0,503.78125,379.375,random_loc,1,schema_pa,1,9,img/targets/BOSS/high_familiarity_downsized/cond2/041_carsidemirror01.jpg,,4,4,66,38,36407,297.40625,252.5793212,2,2,3,8,3,8,3,6,289,136.59375,702,702,136.59375,991,838.59375,289,328,203.59375,560,560,203.59375,888,763.59375,328,358,233.59375,500,500,233.59375,858,733.59375,358,0,0,1024,1280,1008,1264
sub_001,cb6,2009.7,811,645,10,11,1,814.4375,641.375,random_loc,1,schema_pa,1,10,img/targets/BOSS/high_familiarity_downsized/cond2/037_doorhandle.jpg,,10,11,78,57,41421,7.0625,4.995701277,3,3,10,1,9,2,1,3,289,136.59375,702,702,136.59375,991,838.59375,289,347,215.59375,560,560,215.59375,907,775.59375,347,377,245.59375,500,500,245.59375,877,745.59375,377,0,0,1024,1280,1008,1264
sub_001,cb6,978.5,533,577,10,3,0,816.78125,241.03125,random_loc,1,schema_pa,1,11,img/targets/BOSS/high_familiarity_downsized/cond2/032_flipflop01b.jpg,,2,10,11,101,45404,619.75,439.7803984,2,2,9,2,1,10,1,3,289,136.59375,702,702,136.59375,991,838.59375,289,391,148.59375,560,560,148.59375,951,708.59375,391,421,178.59375,500,500,178.59375,921,678.59375,421,0,0,1024,1280,1008,1264
sub_001,cb6,1388.9,511,262,3,4,0,565.4453125,613.0390625,random_loc,1,schema_pa,1,12,img/targets/BOSS/high_familiarity_downsized/cond2/030_bathtub.jpg,,11,5,8,58,49799,405.484375,355.2361404,2,2,4,7,10,1,1,5,289,136.59375,702,702,136.59375,991,838.59375,289,348,145.59375,560,560,145.59375,908,705.59375,348,378,175.59375,500,500,175.59375,878,675.59375,378,0,0,1024,1280,1008,1264
sub_001,cb6,802.5,736,398,3,9,0,836.4453125,510.7109375,random_loc,1,schema_pa,1,13,img/targets/BOSS/high_familiarity_downsized/cond2/038_aceofdiamond.jpg,,6,11,114,79,53610,213.15625,150.9735614,3,3,10,1,5,6,1,6,289,136.59375,702,702,136.59375,991,838.59375,289,369,251.59375,560,560,251.59375,929,811.59375,369,399,281.59375,500,500,281.59375,899,781.59375,399,0,0,1024,1280,1008,1264
sub_001,cb6,1072.1,566,639,11,4,0,588.4453125,633.0390625,random_loc,1,schema_pa,1,14,img/targets/BOSS/high_familiarity_downsized/cond2/030_bathtub.jpg,,11,5,28,81,57690,28.40625,23.22336817,3,3,4,7,10,1,1,5,289,136.59375,702,702,136.59375,991,838.59375,289,371,165.59375,560,560,165.59375,931,725.59375,371,401,195.59375,500,500,195.59375,901,695.59375,401,0,0,1024,1280,1008,1264
sub_001,cb6,2173.1,670,454,5,6,0,607.78125,396.375,random_loc,1,schema_pa,1,15,img/targets/BOSS/high_familiarity_downsized/cond2/041_carsidemirror01.jpg,,4,4,83,142,62870,119.84375,84.80456047,3,3,3,8,3,8,3,6,289,136.59375,702,702,136.59375,991,838.59375,289,432,220.59375,560,560,220.59375,992,780.59375,432,462,250.59375,500,500,250.59375,962,750.59375,462,0,0,1024,1280,1008,1264
sub_001,cb6,1206.2,596,750,11,4,0,626.4453125,751.0390625,random_loc,1,schema_pa,1,16,img/targets/BOSS/high_familiarity_downsized/cond2/030_bathtub.jpg,,11,5,146,119,67083,31.484375,30.46303833,4,4,4,7,10,1,1,5,289,136.59375,702,702,136.59375,991,838.59375,289,409,283.59375,560,560,283.59375,969,843.59375,409,439,313.59375,500,500,313.59375,939,813.59375,439,0,0,1024,1280,1008,1264
sub_001,cb6,1828.5,863,707,11,11,0,866.4375,664.375,random_loc,1,schema_pa,1,17,img/targets/BOSS/high_familiarity_downsized/cond2/037_doorhandle.jpg,,10,11,101,109,71917,46.0625,42.76338424,4,4,10,1,9,2,1,3,289,136.59375,702,702,136.59375,991,838.59375,289,399,238.59375,560,560,238.59375,959,798.59375,399,429,268.59375,500,500,268.59375,929,768.59375,429,0,0,1024,1280,1008,1264
sub_001,cb6,2716.3,526,367,4,4,1,532.78125,376.375,random_loc,1,schema_pa,1,18,img/targets/BOSS/high_familiarity_downsized/cond2/041_carsidemirror01.jpg,,4,4,63,67,77639,16.15625,11.57047867,4,4,3,8,3,8,3,6,289,136.59375,702,702,136.59375,991,838.59375,289,357,200.59375,560,560,200.59375,917,760.59375,357,387,230.59375,500,500,230.59375,887,730.59375,387,0,0,1024,1280,1008,1264
sub_001,cb6,2769.7,916,563,7,11,0,525.4453125,604.0390625,random_loc,1,schema_pa,1,19,img/targets/BOSS/high_familiarity_downsized/cond2/042_curtain.jpg,,8,2,124,143,83431,431.59375,392.7049383,2,2,1,10,7,4,1,5,289,136.59375,702,702,136.59375,991,838.59375,289,433,261.59375,560,560,261.59375,993,821.59375,433,463,291.59375,500,500,291.59375,963,791.59375,463,0,0,1024,1280,1008,1264
sub_001,cb6,1141.1,850,324,2,10,1,855.78125,315.03125,random_loc,1,schema_pa,1,20,img/targets/BOSS/high_familiarity_downsized/cond2/032_flipflop01b.jpg,,2,10,85,140,87592,14.75,10.67058237,3,3,9,2,1,10,1,3,289,136.59375,702,702,136.59375,991,838.59375,289,430,222.59375,560,560,222.59375,990,782.59375,430,460,252.59375,500,500,252.59375,960,752.59375,460,0,0,1024,1280,1008,1264
sub_001,cb6,1377.6,433,559,10,2,0,448.4453125,488.0390625,random_loc,1,schema_pa,1,21,img/targets/BOSS/high_familiarity_downsized/cond2/042_curtain.jpg,,8,2,8,66,91977,86.40625,72.62239551,3,3,1,10,7,4,1,5,289,136.59375,702,702,136.59375,991,838.59375,289,356,145.59375,560,560,145.59375,916,705.59375,356,386,175.59375,500,500,175.59375,886,675.59375,386,0,0,1024,1280,1008,1264
sub_001,cb6,NA,NA,NA,NA,NA,NA,784.78125,262.03125,random_loc,1,schema_pa,1,22,img/targets/BOSS/high_familiarity_downsized/cond2/032_flipflop01b.jpg,,2,10,32,69,97984,NA,NA,4,4,9,2,1,10,1,3,289,136.59375,702,702,136.59375,991,838.59375,289,359,169.59375,560,560,169.59375,919,729.59375,359,389,199.59375,500,500,199.59375,889,699.59375,389,0,0,1024,1280,1008,1264
sub_001,cb6,2074.7,533,532,9,2,0,539.4453125,503.0390625,random_loc,1,schema_pa,1,23,img/targets/BOSS/high_familiarity_downsized/cond2/042_curtain.jpg,,8,2,23,157,103065,35.40625,29.66947849,4,4,1,10,7,4,1,5,289,136.59375,702,702,136.59375,991,838.59375,289,447,160.59375,560,560,160.59375,1007,720.59375,447,477,190.59375,500,500,190.59375,977,690.59375,477,0,0,1024,1280,1008,1264
sub_001,cb6,1878.6,645,267,2,8,0,786.4453125,420.7109375,random_loc,1,schema_pa,1,24,img/targets/BOSS/high_familiarity_downsized/cond2/038_aceofdiamond.jpg,,6,11,24,29,107950,295.15625,208.8871196,4,4,10,1,5,6,1,6,289,136.59375,702,702,136.59375,991,838.59375,289,319,161.59375,560,560,161.59375,879,721.59375,319,349,191.59375,500,500,191.59375,849,691.59375,349,0,0,1024,1280,1008,1264
sub_001,cb6,2371.4,808,519,7,11,0,587.1171875,342.7109375,random_loc,1,schema_pa,2,1,img/targets/BOSS/high_familiarity_downsized/cond2/038_aceofdiamond.jpg,near,3,6,71,38,6324,397.171875,282.6075909,1,5,5,6,2,9,2,7,289,136.59375,702,702,136.59375,991,838.59375,289,328,208.59375,560,560,208.59375,888,768.59375,328,358,238.59375,500,500,238.59375,858,738.59375,358,0,0,1024,1280,1008,1264
sub_001,cb6,2780.8,698,439,7,6,0,888.4453125,495.0390625,random_loc,1,schema_pa,2,2,img/targets/BOSS/high_familiarity_downsized/cond2/041_carsidemirror01.jpg,,8,11,15,131,12117,246.484375,198.5190005,1,5,10,1,7,4,1,5,289,136.59375,702,702,136.59375,991,838.59375,289,421,152.59375,560,560,152.59375,981,712.59375,421,451,182.59375,500,500,182.59375,951,682.59375,451,0,0,1024,1280,1008,1264
sub_001,cb6,828.9,582,607,10,3,0,574.1171875,275.0390625,random_loc,1,schema_pa,2,3,img/targets/BOSS/high_familiarity_downsized/cond2/030_bathtub.jpg,,2,3,45,150,15969,339.84375,332.0545178,1,5,2,9,1,10,1,3,289,136.59375,702,702,136.59375,991,838.59375,289,440,182.59375,560,560,182.59375,1000,742.59375,440,470,212.59375,500,500,212.59375,970,712.59375,470,0,0,1024,1280,1008,1264
sub_001,cb6,1140.3,749,749,11,10,0,469.109375,702.375,random_loc,1,schema_pa,2,4,img/targets/BOSS/high_familiarity_downsized/cond2/032_flipflop01b.jpg,,10,3,139,45,20137,326.515625,283.7475156,1,5,2,9,9,2,2,4,289,136.59375,702,702,136.59375,991,838.59375,289,335,276.59375,560,560,276.59375,895,836.59375,335,365,306.59375,500,500,306.59375,865,806.59375,365,0,0,1024,1280,1008,1264
sub_001,cb6,597,685,557,8,5,0,623.78125,532.375,random_loc,1,schema_pa,2,5,img/targets/BOSS/high_familiarity_downsized/cond2/037_doorhandle.jpg,near,7,4,94,158,23769,85.84375,65.98580133,1,5,3,8,6,5,3,8,289,136.59375,702,702,136.59375,991,838.59375,289,448,231.59375,560,560,231.59375,1008,791.59375,448,478,261.59375,500,500,261.59375,978,761.59375,478,0,0,1024,1280,1008,1264
sub_001,cb6,714.4,625,534,8,7,0,766.78125,672.03125,random_loc,1,schema_pa,2,6,img/targets/BOSS/high_familiarity_downsized/cond2/042_curtain.jpg,,11,10,67,51,27527,279.8125,197.8750839,1,5,9,2,10,1,1,3,289,136.59375,702,702,136.59375,991,838.59375,289,341,204.59375,560,560,204.59375,901,764.59375,341,371,234.59375,500,500,234.59375,871,734.59375,371,0,0,1024,1280,1008,1264
sub_001,cb6,1956.4,766,567,8,11,1,768.4453125,552.0390625,random_loc,1,schema_pa,2,7,img/targets/BOSS/high_familiarity_downsized/cond2/041_carsidemirror01.jpg,,8,11,72,11,32505,17.40625,15.15945923,2,6,10,1,7,4,1,5,289,136.59375,702,702,136.59375,991,838.59375,289,301,209.59375,560,560,209.59375,861,769.59375,301,331,239.59375,500,500,239.59375,831,739.59375,331,0,0,1024,1280,1008,1264
sub_001,cb6,1571.8,542,708,10,2,0,867.78125,745.03125,random_loc,1,schema_pa,2,8,img/targets/BOSS/high_familiarity_downsized/cond2/042_curtain.jpg,,11,10,140,152,37083,362.8125,327.879149,2,6,9,2,10,1,1,3,289,136.59375,702,702,136.59375,991,838.59375,289,442,277.59375,560,560,277.59375,1002,837.59375,442,472,307.59375,500,500,307.59375,972,807.59375,472,0,0,1024,1280,1008,1264
sub_001,cb6,913.3,732,381,2,9,0,466.1171875,374.0390625,random_loc,1,schema_pa,2,9,img/targets/BOSS/high_familiarity_downsized/cond2/030_bathtub.jpg,,2,3,144,42,41004,272.84375,265.9739172,2,6,2,9,1,10,1,3,289,136.59375,702,702,136.59375,991,838.59375,289,332,281.59375,560,560,281.59375,892,841.59375,332,362,311.59375,500,500,311.59375,862,811.59375,362,0,0,1024,1280,1008,1264
sub_001,cb6,1131.1,648,555,7,5,0,621.78125,565.375,random_loc,1,schema_pa,2,10,img/targets/BOSS/high_familiarity_downsized/cond2/037_doorhandle.jpg,near,7,4,127,156,45142,36.59375,28.19686998,2,6,3,8,6,5,3,8,289,136.59375,702,702,136.59375,991,838.59375,289,446,264.59375,560,560,264.59375,1006,824.59375,446,476,294.59375,500,500,294.59375,976,794.59375,476,0,0,1024,1280,1008,1264
sub_001,cb6,2504.1,820,343,2,10,0,547.1171875,337.0390625,random_loc,1,schema_pa,2,11,img/targets/BOSS/high_familiarity_downsized/cond2/030_bathtub.jpg,,2,3,107,123,50652,278.84375,272.947911,3,7,2,9,1,10,1,3,289,136.59375,702,702,136.59375,991,838.59375,289,413,244.59375,560,560,244.59375,973,804.59375,413,443,274.59375,500,500,274.59375,943,774.59375,443,0,0,1024,1280,1008,1264
sub_001,cb6,1272.6,776,475,7,11,0,561.1171875,291.7109375,random_loc,1,schema_pa,2,12,img/targets/BOSS/high_familiarity_downsized/cond2/038_aceofdiamond.jpg,near,3,6,20,12,54930,398.171875,282.4349545,2,6,5,6,2,9,2,7,289,136.59375,702,702,136.59375,991,838.59375,289,302,157.59375,560,560,157.59375,862,717.59375,302,332,187.59375,500,500,187.59375,832,687.59375,332,0,0,1024,1280,1008,1264
sub_001,cb6,914.5,641,538,7,4,1,623.78125,522.375,random_loc,1,schema_pa,2,13,img/targets/BOSS/high_familiarity_downsized/cond2/037_doorhandle.jpg,near,7,4,84,158,58852,32.84375,23.25136505,3,7,3,8,6,5,3,8,289,136.59375,702,702,136.59375,991,838.59375,289,448,221.59375,560,560,221.59375,1008,781.59375,448,478,251.59375,500,500,251.59375,978,751.59375,478,0,0,1024,1280,1008,1264
sub_001,cb6,2432.6,735,301,3,10,0,782.4453125,526.0390625,random_loc,1,schema_pa,2,14,img/targets/BOSS/high_familiarity_downsized/cond2/041_carsidemirror01.jpg,,8,11,46,25,64291,272.484375,229.9861677,3,7,10,1,7,4,1,5,289,136.59375,702,702,136.59375,991,838.59375,289,315,183.59375,560,560,183.59375,875,743.59375,315,345,213.59375,500,500,213.59375,845,713.59375,345,0,0,1024,1280,1008,1264
sub_001,cb6,NA,NA,NA,NA,NA,NA,751.78125,736.03125,random_loc,1,schema_pa,2,15,img/targets/BOSS/high_familiarity_downsized/cond2/042_curtain.jpg,,11,10,131,36,70298,NA,NA,3,7,9,2,10,1,1,3,289,136.59375,702,702,136.59375,991,838.59375,289,326,268.59375,560,560,268.59375,886,828.59375,326,356,298.59375,500,500,298.59375,856,798.59375,356,0,0,1024,1280,1008,1264
sub_001,cb6,987.2,629,589,8,6,0,494.109375,674.375,random_loc,1,schema_pa,2,16,img/targets/BOSS/high_familiarity_downsized/cond2/032_flipflop01b.jpg,,10,3,111,70,74292,220.265625,159.6382515,2,6,2,9,9,2,2,4,289,136.59375,702,702,136.59375,991,838.59375,289,360,248.59375,560,560,248.59375,920,808.59375,360,390,278.59375,500,500,278.59375,890,778.59375,390,0,0,1024,1280,1008,1264
sub_001,cb6,939.3,801,715,11,10,1,798.78125,715.03125,random_loc,1,schema_pa,2,17,img/targets/BOSS/high_familiarity_downsized/cond2/042_curtain.jpg,,11,10,110,83,78238,2.25,2.21897006,4,8,9,2,10,1,1,3,289,136.59375,702,702,136.59375,991,838.59375,289,373,247.59375,560,560,247.59375,933,807.59375,373,403,277.59375,500,500,277.59375,903,777.59375,403,0,0,1024,1280,1008,1264
sub_001,cb6,1880.6,729,404,3,9,0,813.4453125,610.0390625,random_loc,1,schema_pa,2,18,img/targets/BOSS/high_familiarity_downsized/cond2/041_carsidemirror01.jpg,,8,11,130,56,83126,290.484375,222.6726433,4,8,10,1,7,4,1,5,289,136.59375,702,702,136.59375,991,838.59375,289,346,267.59375,560,560,267.59375,906,827.59375,346,376,297.59375,500,500,297.59375,876,797.59375,376,0,0,1024,1280,1008,1264
sub_001,cb6,2692.9,609,269,3,6,1,621.1171875,275.7109375,random_loc,1,schema_pa,2,19,img/targets/BOSS/high_familiarity_downsized/cond2/038_aceofdiamond.jpg,near,3,6,4,72,88825,18.828125,13.85145895,3,7,5,6,2,9,2,7,289,136.59375,702,702,136.59375,991,838.59375,289,362,141.59375,560,560,141.59375,922,701.59375,362,392,171.59375,500,500,171.59375,892,671.59375,392,0,0,1024,1280,1008,1264
sub_001,cb6,1451.2,590,484,6,6,0,486.109375,652.375,random_loc,1,schema_pa,2,20,img/targets/BOSS/high_familiarity_downsized/cond2/032_flipflop01b.jpg,,10,3,89,62,93282,272.265625,197.8469171,3,7,2,9,9,2,2,4,289,136.59375,702,702,136.59375,991,838.59375,289,352,226.59375,560,560,226.59375,912,786.59375,352,382,256.59375,500,500,256.59375,882,756.59375,382,0,0,1024,1280,1008,1264
sub_001,cb6,1161.4,567,444,6,5,0,541.78125,469.375,random_loc,1,schema_pa,2,21,img/targets/BOSS/high_familiarity_downsized/cond2/037_doorhandle.jpg,near,7,4,31,76,97450,50.59375,35.77535432,4,8,3,8,6,5,3,8,289,136.59375,702,702,136.59375,991,838.59375,289,366,168.59375,560,560,168.59375,926,728.59375,366,396,198.59375,500,500,198.59375,896,698.59375,396,0,0,1024,1280,1008,1264
sub_001,cb6,964.5,459,617,10,3,1,461.109375,613.375,random_loc,1,schema_pa,2,22,img/targets/BOSS/high_familiarity_downsized/cond2/032_flipflop01b.jpg,,10,3,50,37,101423,5.734375,4.194053873,4,8,2,9,9,2,2,4,289,136.59375,702,702,136.59375,991,838.59375,289,327,187.59375,560,560,187.59375,887,747.59375,327,357,217.59375,500,500,217.59375,857,717.59375,357,0,0,1024,1280,1008,1264
sub_001,cb6,1857.7,705,256,3,8,0,606.1171875,272.7109375,random_loc,1,schema_pa,2,23,img/targets/BOSS/high_familiarity_downsized/cond2/038_aceofdiamond.jpg,near,3,6,1,57,106287,115.59375,100.2849243,4,8,5,6,2,9,2,7,289,136.59375,702,702,136.59375,991,838.59375,289,347,138.59375,560,560,138.59375,907,698.59375,347,377,168.59375,500,500,168.59375,877,668.59375,377,0,0,1024,1280,1008,1264
sub_001,cb6,2246.6,806,574,8,11,0,493.1171875,313.0390625,random_loc,1,schema_pa,2,24,img/targets/BOSS/high_familiarity_downsized/cond2/030_bathtub.jpg,,2,3,83,69,111539,573.84375,407.4263924,4,8,2,9,1,10,1,3,289,136.59375,702,702,136.59375,991,838.59375,289,359,220.59375,560,560,220.59375,919,780.59375,359,389,250.59375,500,500,250.59375,889,750.59375,389,0,0,1024,1280,1008,1264
sub_001,cb6,1208.9,686,489,8,6,0,707.78125,532.203125,random_loc,1,new_pa,1,1,img/targets/BOSS/high_familiarity_downsized/cond2/048_schoolbus.jpg,far,9,7,66,117,7356,64.984375,48.3831878,1,1,6,5,8,3,3,8,289,81.09375,702,702,81.09375,991,783.09375,289,407,148.09375,560,560,148.09375,967,708.09375,407,437,178.09375,500,500,178.09375,937,678.09375,437,0,0,913,1280,984,1280
sub_001,cb6,NA,NA,NA,NA,NA,NA,807.1171875,242.2109375,random_loc,1,new_pa,1,2,img/targets/BOSS/high_familiarity_downsized/cond2/057_donut.jpg,,3,9,26,133,13405,NA,NA,1,1,8,3,2,9,2,5,289,81.09375,702,702,81.09375,991,783.09375,289,423,108.09375,560,560,108.09375,983,668.09375,423,453,138.09375,500,500,138.09375,953,638.09375,453,0,0,913,1280,984,1280
sub_001,cb6,2299,696,580,8,7,0,628.4375,535.875,random_loc,1,new_pa,1,3,img/targets/BOSS/high_familiarity_downsized/cond2/043_foldingchair.jpg,near,7,5,153,121,18719,111.6875,80.69514875,1,1,4,7,6,5,4,9,289,81.09375,702,702,81.09375,991,783.09375,289,411,235.09375,560,560,235.09375,971,795.09375,411,441,265.09375,500,500,265.09375,941,765.09375,441,0,0,913,1280,984,1280
sub_001,cb6,1379.5,632,536,11,6,0,486.4453125,299.5390625,random_loc,1,new_pa,1,4,img/targets/BOSS/high_familiarity_downsized/cond2/053_television.jpg,,5,2,0,104,23131,382.015625,277.6687631,1,1,1,10,4,7,1,5,289,81.09375,702,702,81.09375,991,783.09375,289,394,82.09375,560,560,82.09375,954,642.09375,394,424,112.09375,500,500,112.09375,924,612.09375,424,0,0,913,1280,984,1280
sub_001,cb6,NA,NA,NA,NA,NA,NA,643.109375,362.875,random_loc,1,new_pa,1,5,img/targets/BOSS/high_familiarity_downsized/cond2/047_saltshaker03a.jpg,near,4,6,105,94,29154,NA,NA,1,1,5,6,3,8,3,8,289,81.09375,702,702,81.09375,991,783.09375,289,384,187.09375,560,560,187.09375,944,747.09375,384,414,217.09375,500,500,217.09375,914,717.09375,414,0,0,913,1280,984,1280
sub_001,cb6,NA,NA,NA,NA,NA,NA,446.4453125,451.5390625,random_loc,1,new_pa,1,6,img/targets/BOSS/high_familiarity_downsized/cond2/053_television.jpg,,5,2,152,64,35168,NA,NA,2,2,1,10,4,7,1,5,289,81.09375,702,702,81.09375,991,783.09375,289,354,234.09375,560,560,234.09375,914,794.09375,354,384,264.09375,500,500,264.09375,884,764.09375,384,0,0,913,1280,984,1280
sub_001,cb6,1817.2,490,469,8,4,0,619.78125,512.203125,random_loc,1,new_pa,1,7,img/targets/BOSS/high_familiarity_downsized/cond2/048_schoolbus.jpg,far,9,7,46,29,40000,172.984375,136.7833428,2,2,6,5,8,3,3,8,289,81.09375,702,702,81.09375,991,783.09375,289,319,128.09375,560,560,128.09375,879,688.09375,319,349,158.09375,500,500,158.09375,849,658.09375,349,0,0,913,1280,984,1280
sub_001,cb6,388.1,634,384,7,5,0,741.4453125,355.2109375,random_loc,1,new_pa,1,8,img/targets/BOSS/high_familiarity_downsized/cond2/051_worldmap.jpg,far,6,8,14,109,43395,136.234375,111.2353599,1,1,7,4,5,6,4,9,289,81.09375,702,702,81.09375,991,783.09375,289,399,96.09375,560,560,96.09375,959,656.09375,399,429,126.09375,500,500,126.09375,929,626.09375,429,0,0,913,1280,984,1280
sub_001,cb6,1398.3,453,389,7,3,0,430.4453125,324.5390625,random_loc,1,new_pa,1,9,img/targets/BOSS/high_familiarity_downsized/cond2/053_television.jpg,,5,2,25,48,47798,87.015625,68.2929454,3,3,1,10,4,7,1,5,289,81.09375,702,702,81.09375,991,783.09375,289,338,107.09375,560,560,107.09375,898,667.09375,338,368,137.09375,500,500,137.09375,868,637.09375,368,0,0,913,1280,984,1280
sub_001,cb6,880.5,762,466,7,9,0,729.4453125,441.2109375,random_loc,1,new_pa,1,10,img/targets/BOSS/high_familiarity_downsized/cond2/051_worldmap.jpg,far,6,8,100,97,51688,57.34375,40.91827584,2,2,7,4,5,6,4,9,289,81.09375,702,702,81.09375,991,783.09375,289,387,182.09375,560,560,182.09375,947,742.09375,387,417,212.09375,500,500,212.09375,917,712.09375,417,0,0,913,1280,984,1280
sub_001,cb6,703.6,585,505,7,5,0,622.109375,374.875,random_loc,1,new_pa,1,11,img/targets/BOSS/high_familiarity_downsized/cond2/047_saltshaker03a.jpg,near,4,6,117,73,55398,167.234375,135.3130494,2,2,5,6,3,8,3,8,289,81.09375,702,702,81.09375,991,783.09375,289,363,199.09375,560,560,199.09375,923,759.09375,363,393,229.09375,500,500,229.09375,893,729.09375,393,0,0,913,1280,984,1280
sub_001,cb6,899.4,601,451,6,7,0,685.1171875,327.2109375,random_loc,1,new_pa,1,12,img/targets/BOSS/high_familiarity_downsized/cond2/057_donut.jpg,,3,9,111,11,59304,207.90625,149.664402,2,2,8,3,2,9,2,5,289,81.09375,702,702,81.09375,991,783.09375,289,301,193.09375,560,560,193.09375,861,753.09375,301,331,223.09375,500,500,223.09375,831,723.09375,331,0,0,913,1280,984,1280
sub_001,cb6,2646.9,663,619,10,6,0,689.78125,568.203125,random_loc,1,new_pa,1,13,img/targets/BOSS/high_familiarity_downsized/cond2/048_schoolbus.jpg,far,9,7,102,99,64956,77.578125,57.42436644,3,3,6,5,8,3,3,8,289,81.09375,702,702,81.09375,991,783.09375,289,389,184.09375,560,560,184.09375,949,744.09375,389,419,214.09375,500,500,214.09375,919,714.09375,419,0,0,913,1280,984,1280
sub_001,cb6,2690.2,427,368,5,2,0,670.4453125,426.2109375,random_loc,1,new_pa,1,14,img/targets/BOSS/high_familiarity_downsized/cond2/051_worldmap.jpg,far,6,8,85,38,70653,301.65625,250.308077,3,3,7,4,5,6,4,9,289,81.09375,702,702,81.09375,991,783.09375,289,328,167.09375,560,560,167.09375,888,727.09375,328,358,197.09375,500,500,197.09375,858,697.09375,358,0,0,913,1280,984,1280
sub_001,cb6,2184.1,662,268,4,6,1,643.109375,274.875,random_loc,1,new_pa,1,15,img/targets/BOSS/high_familiarity_downsized/cond2/047_saltshaker03a.jpg,near,4,6,17,94,75844,25.765625,20.10276941,3,3,5,6,3,8,3,8,289,81.09375,702,702,81.09375,991,783.09375,289,384,99.09375,560,560,99.09375,944,659.09375,384,414,129.09375,500,500,129.09375,914,629.09375,414,0,0,913,1280,984,1280
sub_001,cb6,2475.3,545,449,6,2,0,654.4375,501.875,random_loc,1,new_pa,1,16,img/targets/BOSS/high_familiarity_downsized/cond2/043_foldingchair.jpg,near,7,5,119,147,81326,162.3125,121.5414828,2,2,4,7,6,5,4,9,289,81.09375,702,702,81.09375,991,783.09375,289,437,201.09375,560,560,201.09375,997,761.09375,437,467,231.09375,500,500,231.09375,967,731.09375,467,0,0,913,1280,984,1280
sub_001,cb6,NA,NA,NA,NA,NA,NA,574.109375,392.875,random_loc,1,new_pa,1,17,img/targets/BOSS/high_familiarity_downsized/cond2/047_saltshaker03a.jpg,near,4,6,135,25,87334,NA,NA,4,4,5,6,3,8,3,8,289,81.09375,702,702,81.09375,991,783.09375,289,315,217.09375,560,560,217.09375,875,777.09375,315,345,247.09375,500,500,247.09375,845,747.09375,345,0,0,913,1280,984,1280
sub_001,cb6,1104.9,619,407,7,5,1,632.4375,404.875,random_loc,1,new_pa,1,18,img/targets/BOSS/high_familiarity_downsized/cond2/043_foldingchair.jpg,near,7,5,22,125,91449,15.5625,13.6044857,3,3,4,7,6,5,4,9,289,81.09375,702,702,81.09375,991,783.09375,289,415,104.09375,560,560,104.09375,975,664.09375,415,445,134.09375,500,500,134.09375,945,634.09375,445,0,0,913,1280,984,1280
sub_001,cb6,963.2,779,441,6,8,1,773.4453125,440.2109375,random_loc,1,new_pa,1,19,img/targets/BOSS/high_familiarity_downsized/cond2/051_worldmap.jpg,far,6,8,99,141,95419,6.34375,5.610452108,4,4,7,4,5,6,4,9,289,81.09375,702,702,81.09375,991,783.09375,289,431,181.09375,560,560,181.09375,991,741.09375,431,461,211.09375,500,500,211.09375,961,711.09375,461,0,0,913,1280,984,1280
sub_001,cb6,1236.7,758,239,2,8,0,817.1171875,263.2109375,random_loc,1,new_pa,1,20,img/targets/BOSS/high_familiarity_downsized/cond2/057_donut.jpg,,3,9,47,143,99661,83.328125,63.88279387,3,3,8,3,2,9,2,5,289,81.09375,702,702,81.09375,991,783.09375,289,433,129.09375,560,560,129.09375,993,689.09375,433,463,159.09375,500,500,159.09375,963,659.09375,463,0,0,913,1280,984,1280
sub_001,cb6,1879.7,523,513,7,4,0,546.4375,525.875,random_loc,1,new_pa,1,21,img/targets/BOSS/high_familiarity_downsized/cond2/043_foldingchair.jpg,near,7,5,143,39,104545,36.3125,26.74101777,4,4,4,7,6,5,4,9,289,81.09375,702,702,81.09375,991,783.09375,289,329,225.09375,560,560,225.09375,889,785.09375,329,359,255.09375,500,500,255.09375,859,755.09375,359,0,0,913,1280,984,1280
sub_001,cb6,774.4,642,222,3,8,0,682.1171875,241.2109375,random_loc,1,new_pa,1,22,img/targets/BOSS/high_familiarity_downsized/cond2/057_donut.jpg,,3,9,25,8,108326,59.328125,44.47975778,4,4,8,3,2,9,2,5,289,81.09375,702,702,81.09375,991,783.09375,289,298,107.09375,560,560,107.09375,858,667.09375,298,328,137.09375,500,500,137.09375,828,637.09375,328,0,0,913,1280,984,1280
sub_001,cb6,2475.3,563,464,5,4,0,702.78125,617.203125,random_loc,1,new_pa,1,23,img/targets/BOSS/high_familiarity_downsized/cond2/048_schoolbus.jpg,far,9,7,151,112,113807,292.984375,207.3885131,4,4,6,5,8,3,3,8,289,81.09375,702,702,81.09375,991,783.09375,289,402,233.09375,560,560,233.09375,962,793.09375,402,432,263.09375,500,500,263.09375,932,763.09375,432,0,0,913,1280,984,1280
sub_001,cb6,849.3,518,374,4,2,0,516.4453125,410.5390625,random_loc,1,new_pa,1,24,img/targets/BOSS/high_familiarity_downsized/cond2/053_television.jpg,,5,2,111,134,117676,38.09375,36.57212247,4,4,1,10,4,7,1,5,289,81.09375,702,702,81.09375,991,783.09375,289,424,193.09375,560,560,193.09375,984,753.09375,424,454,223.09375,500,500,223.09375,954,723.09375,454,0,0,913,1280,984,1280
sub_001,cb6,778.5,629,524,8,8,0,722.78125,491.375,schema_ic,2,schema_pa,1,1,img/targets/BOSS/high_familiarity_downsized/cond3/025_sink.jpg,near,7,10,53,7,4634,126.40625,99.29407574,1,1,9,2,6,5,2,7,289,136.59375,702,702,136.59375,991,838.59375,289,297,190.59375,560,560,190.59375,857,750.59375,297,327,220.59375,500,500,220.59375,827,720.59375,327,0,0,1024,1280,1008,1264
sub_001,cb6,403.8,588,477,6,6,0,559.4453125,332.0390625,schema_ic,2,schema_pa,1,2,img/targets/BOSS/high_familiarity_downsized/cond3/058_englishcucumber.jpg,,2,5,102,52,8054,173.515625,147.7465518,1,1,4,7,1,10,1,5,289,136.59375,702,702,136.59375,991,838.59375,289,342,239.59375,560,560,239.59375,902,799.59375,342,372,269.59375,500,500,269.59375,872,769.59375,372,0,0,1024,1280,1008,1264
sub_001,cb6,256.3,629,512,7,6,0,823.4375,376.375,schema_ic,2,schema_pa,1,3,img/targets/BOSS/high_familiarity_downsized/cond3/064_trafficlight.jpg,,4,11,63,66,11317,330.0625,237.0655648,1,1,10,1,3,8,1,4,289,136.59375,702,702,136.59375,991,838.59375,289,356,200.59375,560,560,200.59375,916,760.59375,356,386,230.59375,500,500,230.59375,886,730.59375,386,0,0,1024,1280,1008,1264
sub_001,cb6,2447.6,864,504,8,11,0,827.78125,455.375,schema_ic,2,schema_pa,1,4,img/targets/BOSS/high_familiarity_downsized/cond3/025_sink.jpg,near,7,10,17,112,16792,84.84375,60.63157986,2,2,9,2,6,5,2,7,289,136.59375,702,702,136.59375,991,838.59375,289,402,154.59375,560,560,154.59375,962,714.59375,402,432,184.59375,500,500,184.59375,932,684.59375,432,0,0,1024,1280,1008,1264
sub_001,cb6,843.6,560,350,2,4,0,586.4453125,368.0390625,schema_ic,2,schema_pa,1,5,img/targets/BOSS/high_familiarity_downsized/cond3/058_englishcucumber.jpg,,2,5,138,79,20675,44.484375,32.01190918,2,2,4,7,1,10,1,5,289,136.59375,702,702,136.59375,991,838.59375,289,369,275.59375,560,560,275.59375,929,835.59375,369,399,305.59375,500,500,305.59375,899,805.59375,399,0,0,1024,1280,1008,1264
sub_001,cb6,647.7,650,495,8,6,0,472.4453125,539.7109375,schema_ic,2,schema_pa,1,6,img/targets/BOSS/high_familiarity_downsized/cond3/065_cherrytomato01.jpg,,9,2,18,90,24356,222.265625,183.0976105,1,1,1,10,8,3,1,4,289,136.59375,702,702,136.59375,991,838.59375,289,380,155.59375,560,560,155.59375,940,715.59375,380,410,185.59375,500,500,185.59375,910,685.59375,410,0,0,1024,1280,1008,1264
sub_001,cb6,636.3,639,515,6,5,0,665.1171875,643.7109375,schema_ic,2,schema_pa,1,7,img/targets/BOSS/high_familiarity_downsized/cond3/062_picnictable.jpg,near,9,6,122,116,28022,154.828125,131.3339747,1,1,5,6,8,3,3,8,289,136.59375,702,702,136.59375,991,838.59375,289,406,259.59375,560,560,259.59375,966,819.59375,406,436,289.59375,500,500,289.59375,936,789.59375,436,0,0,1024,1280,1008,1264
sub_001,cb6,1204.7,756,426,5,11,0,763.4375,406.375,schema_ic,2,schema_pa,1,8,img/targets/BOSS/high_familiarity_downsized/cond3/064_trafficlight.jpg,,4,11,93,6,32232,27.0625,20.98706819,2,2,10,1,3,8,1,4,289,136.59375,702,702,136.59375,991,838.59375,289,296,230.59375,560,560,230.59375,856,790.59375,296,326,260.59375,500,500,260.59375,826,760.59375,326,0,0,1024,1280,1008,1264
sub_001,cb6,1026.7,502,230,2,5,1,509.4453125,242.0390625,schema_ic,2,schema_pa,1,9,img/targets/BOSS/high_familiarity_downsized/cond3/058_englishcucumber.jpg,,2,5,12,2,36267,19.484375,14.15527125,3,3,4,7,1,10,1,5,289,136.59375,702,702,136.59375,991,838.59375,289,292,149.59375,560,560,149.59375,852,709.59375,292,322,179.59375,500,500,179.59375,822,679.59375,322,0,0,1024,1280,1008,1264
sub_001,cb6,1020.4,615,528,9,4,0,680.1171875,533.7109375,schema_ic,2,schema_pa,1,10,img/targets/BOSS/high_familiarity_downsized/cond3/062_picnictable.jpg,near,9,6,12,131,40292,70.828125,65.36713941,2,2,5,6,8,3,3,8,289,136.59375,702,702,136.59375,991,838.59375,289,421,149.59375,560,560,149.59375,981,709.59375,421,451,179.59375,500,500,179.59375,951,679.59375,451,0,0,1024,1280,1008,1264
sub_001,cb6,1555.4,764,600,8,11,0,733.78125,554.375,schema_ic,2,schema_pa,1,11,img/targets/BOSS/high_familiarity_downsized/cond3/025_sink.jpg,near,7,10,116,18,44854,75.84375,54.724889,3,3,9,2,6,5,2,7,289,136.59375,702,702,136.59375,991,838.59375,289,308,253.59375,560,560,253.59375,868,813.59375,308,338,283.59375,500,500,283.59375,838,783.59375,338,0,0,1024,1280,1008,1264
sub_001,cb6,461,567,417,5,5,0,469.1171875,654.0390625,schema_ic,2,schema_pa,1,12,img/targets/BOSS/high_familiarity_downsized/cond4/095_pintofbeer.jpg,,11,3,49,45,48320,334.921875,256.4538207,1,1,2,9,10,1,1,3,289,136.59375,702,702,136.59375,991,838.59375,289,335,186.59375,560,560,186.59375,895,746.59375,335,365,216.59375,500,500,216.59375,865,716.59375,365,0,0,1024,1280,1008,1264
sub_001,cb6,1344.7,443,685,10,2,0,440.4453125,661.7109375,schema_ic,2,schema_pa,1,13,img/targets/BOSS/high_familiarity_downsized/cond3/065_cherrytomato01.jpg,,9,2,140,58,52672,25.84375,23.42876139,2,2,1,10,8,3,1,4,289,136.59375,702,702,136.59375,991,838.59375,289,348,277.59375,560,560,277.59375,908,837.59375,348,378,307.59375,500,500,307.59375,878,807.59375,378,0,0,1024,1280,1008,1264
sub_001,cb6,923,594,277,2,5,1,611.4453125,289.0390625,schema_ic,2,schema_pa,1,14,img/targets/BOSS/high_familiarity_downsized/cond3/058_englishcucumber.jpg,,2,5,59,104,56600,29.484375,21.19617782,4,4,4,7,1,10,1,5,289,136.59375,702,702,136.59375,991,838.59375,289,394,196.59375,560,560,196.59375,954,756.59375,394,424,226.59375,500,500,226.59375,924,726.59375,424,0,0,1024,1280,1008,1264
sub_001,cb6,1240.7,580,634,9,6,1,591.1171875,622.7109375,schema_ic,2,schema_pa,1,15,img/targets/BOSS/high_familiarity_downsized/cond3/062_picnictable.jpg,near,9,6,101,42,60851,22.40625,15.84407744,3,3,5,6,8,3,3,8,289,136.59375,702,702,136.59375,991,838.59375,289,332,238.59375,560,560,238.59375,892,798.59375,332,362,268.59375,500,500,268.59375,862,768.59375,362,0,0,1024,1280,1008,1264
sub_001,cb6,1264.5,532,710,11,2,0,568.1171875,718.0390625,schema_ic,2,schema_pa,1,16,img/targets/BOSS/high_familiarity_downsized/cond4/095_pintofbeer.jpg,,11,3,113,144,65121,44.15625,37.00105078,2,2,2,9,10,1,1,3,289,136.59375,702,702,136.59375,991,838.59375,289,434,250.59375,560,560,250.59375,994,810.59375,434,464,280.59375,500,500,280.59375,964,780.59375,464,0,0,1024,1280,1008,1264
sub_001,cb6,1028.6,720,630,10,6,0,706.1171875,607.7109375,schema_ic,2,schema_pa,1,17,img/targets/BOSS/high_familiarity_downsized/cond3/062_picnictable.jpg,near,9,6,86,157,69156,36.171875,26.25899446,4,4,5,6,8,3,3,8,289,136.59375,702,702,136.59375,991,838.59375,289,447,223.59375,560,560,223.59375,1007,783.59375,447,477,253.59375,500,500,253.59375,977,753.59375,477,0,0,1024,1280,1008,1264
sub_001,cb6,1257.9,469,716,11,3,1,465.1171875,734.0390625,schema_ic,2,schema_pa,1,18,img/targets/BOSS/high_familiarity_downsized/cond4/095_pintofbeer.jpg,,11,3,129,41,73419,21.921875,18.45220878,3,3,2,9,10,1,1,3,289,136.59375,702,702,136.59375,991,838.59375,289,331,266.59375,560,560,266.59375,891,826.59375,331,361,296.59375,500,500,296.59375,861,796.59375,361,0,0,1024,1280,1008,1264
sub_001,cb6,2268.2,507,416,5,5,0,774.4375,363.375,schema_ic,2,schema_pa,1,19,img/targets/BOSS/high_familiarity_downsized/cond3/064_trafficlight.jpg,,4,11,50,17,78707,320.0625,272.5659682,3,3,10,1,3,8,1,4,289,136.59375,702,702,136.59375,991,838.59375,289,307,187.59375,560,560,187.59375,867,747.59375,307,337,217.59375,500,500,217.59375,837,717.59375,337,0,0,1024,1280,1008,1264
sub_001,cb6,2632.5,553,497,6,2,0,538.4453125,639.7109375,schema_ic,2,schema_pa,1,20,img/targets/BOSS/high_familiarity_downsized/cond3/065_cherrytomato01.jpg,,9,2,118,156,84344,157.265625,143.4512133,3,3,1,10,8,3,1,4,289,136.59375,702,702,136.59375,991,838.59375,289,446,255.59375,560,560,255.59375,1006,815.59375,446,476,285.59375,500,500,285.59375,976,785.59375,476,0,0,1024,1280,1008,1264
sub_001,cb6,1483.9,894,476,4,11,1,881.4375,459.375,schema_ic,2,schema_pa,1,21,img/targets/BOSS/high_familiarity_downsized/cond3/064_trafficlight.jpg,,4,11,146,124,88835,29.1875,20.83763497,4,4,10,1,3,8,1,4,289,136.59375,702,702,136.59375,991,838.59375,289,414,283.59375,560,560,283.59375,974,843.59375,414,444,313.59375,500,500,313.59375,944,813.59375,444,0,0,1024,1280,1008,1264
sub_001,cb6,1875.6,858,447,7,10,1,864.78125,466.375,schema_ic,2,schema_pa,1,22,img/targets/BOSS/high_familiarity_downsized/cond3/025_sink.jpg,near,7,10,28,149,93716,26.15625,20.52744447,4,4,9,2,6,5,2,7,289,136.59375,702,702,136.59375,991,838.59375,289,439,165.59375,560,560,165.59375,999,725.59375,439,469,195.59375,500,500,195.59375,969,695.59375,469,0,0,1024,1280,1008,1264
sub_001,cb6,1166.6,479,698,11,3,1,465.1171875,707.0390625,schema_ic,2,schema_pa,1,23,img/targets/BOSS/high_familiarity_downsized/cond4/095_pintofbeer.jpg,,11,3,102,41,97897,22.921875,16.5661442,4,4,2,9,10,1,1,3,289,136.59375,702,702,136.59375,991,838.59375,289,331,239.59375,560,560,239.59375,891,799.59375,331,361,269.59375,500,500,269.59375,861,769.59375,361,0,0,1024,1280,1008,1264
sub_001,cb6,1340.6,439,653,9,2,1,445.4453125,652.7109375,schema_ic,2,schema_pa,1,24,img/targets/BOSS/high_familiarity_downsized/cond3/065_cherrytomato01.jpg,,9,2,131,63,102246,6.734375,6.451791251,4,4,1,10,8,3,1,4,289,136.59375,702,702,136.59375,991,838.59375,289,353,268.59375,560,560,268.59375,913,828.59375,353,383,298.59375,500,500,298.59375,883,798.59375,383,0,0,1024,1280,1008,1264
sub_001,cb6,2299.4,600,615,10,6,0,566.4453125,303.0390625,schema_ic,2,schema_pa,2,1,img/targets/BOSS/high_familiarity_downsized/cond3/062_picnictable.jpg,,2,5,73,59,6455,345.515625,313.7603282,1,5,4,7,1,10,1,5,289,136.59375,702,702,136.59375,991,838.59375,289,349,210.59375,560,560,210.59375,909,770.59375,349,379,240.59375,500,500,240.59375,879,740.59375,379,0,0,1024,1280,1008,1264
sub_001,cb6,880.9,385,588,10,2,0,731.78125,450.375,schema_ic,2,schema_pa,2,2,img/targets/BOSS/high_familiarity_downsized/cond4/095_pintofbeer.jpg,near,7,10,12,16,10359,484.40625,373.0923156,1,5,9,2,6,5,2,7,289,136.59375,702,702,136.59375,991,838.59375,289,306,149.59375,560,560,149.59375,866,709.59375,306,336,179.59375,500,500,179.59375,836,679.59375,336,0,0,1024,1280,1008,1264
sub_001,cb6,696.7,703,453,5,7,0,870.4375,399.375,schema_ic,2,schema_pa,2,3,img/targets/BOSS/high_familiarity_downsized/cond3/065_cherrytomato01.jpg,,4,11,86,113,14095,221.0625,175.8151217,1,5,10,1,3,8,1,4,289,136.59375,702,702,136.59375,991,838.59375,289,403,223.59375,560,560,223.59375,963,783.59375,403,433,253.59375,500,500,253.59375,933,753.59375,433,0,0,1024,1280,1008,1264
sub_001,cb6,654.1,621,549,7,6,0,440.4453125,640.7109375,schema_ic,2,schema_pa,2,4,img/targets/BOSS/high_familiarity_downsized/cond3/025_sink.jpg,,9,2,119,58,17777,272.265625,202.5114595,1,5,1,10,8,3,1,4,289,136.59375,702,702,136.59375,991,838.59375,289,348,256.59375,560,560,256.59375,908,816.59375,348,378,286.59375,500,500,286.59375,878,786.59375,378,0,0,1024,1280,1008,1264
sub_001,cb6,971.9,515,309,2,5,1,512.4453125,294.0390625,schema_ic,2,schema_pa,2,5,img/targets/BOSS/high_familiarity_downsized/cond3/062_picnictable.jpg,,2,5,64,5,21788,17.515625,15.17748593,2,6,4,7,1,10,1,5,289,136.59375,702,702,136.59375,991,838.59375,289,295,201.59375,560,560,201.59375,855,761.59375,295,325,231.59375,500,500,231.59375,825,731.59375,325,0,0,1024,1280,1008,1264
sub_001,cb6,2185,705,572,10,9,0,576.1171875,542.7109375,schema_ic,2,schema_pa,2,6,img/targets/BOSS/high_familiarity_downsized/cond3/064_trafficlight.jpg,near,9,6,21,27,26993,158.171875,132.1689394,1,5,5,6,8,3,3,8,289,136.59375,702,702,136.59375,991,838.59375,289,317,158.59375,560,560,158.59375,877,718.59375,317,347,188.59375,500,500,188.59375,847,688.59375,347,0,0,1024,1280,1008,1264
sub_001,cb6,1641.3,830,663,9,10,0,816.78125,595.375,schema_ic,2,schema_pa,2,7,img/targets/BOSS/high_familiarity_downsized/cond4/095_pintofbeer.jpg,near,7,10,157,101,31641,80.84375,68.90483275,2,6,9,2,6,5,2,7,289,136.59375,702,702,136.59375,991,838.59375,289,391,294.59375,560,560,294.59375,951,854.59375,391,421,324.59375,500,500,324.59375,921,824.59375,421,0,0,1024,1280,1008,1264
sub_001,cb6,1020.4,673,628,9,5,0,530.4453125,636.7109375,schema_ic,2,schema_pa,2,8,img/targets/BOSS/high_familiarity_downsized/cond3/025_sink.jpg,,9,2,115,148,35667,151.265625,142.8205845,2,6,1,10,8,3,1,4,289,136.59375,702,702,136.59375,991,838.59375,289,438,252.59375,560,560,252.59375,998,812.59375,438,468,282.59375,500,500,282.59375,968,782.59375,468,0,0,1024,1280,1008,1264
sub_001,cb6,2398.2,596,573,9,6,1,580.1171875,582.7109375,schema_ic,2,schema_pa,2,9,img/targets/BOSS/high_familiarity_downsized/cond3/064_trafficlight.jpg,near,9,6,61,31,41071,25.59375,18.61628427,2,6,5,6,8,3,3,8,289,136.59375,702,702,136.59375,991,838.59375,289,321,198.59375,560,560,198.59375,881,758.59375,321,351,228.59375,500,500,228.59375,851,728.59375,351,0,0,1024,1280,1008,1264
sub_001,cb6,1429,906,325,4,11,0,872.78125,448.375,schema_ic,2,schema_pa,2,10,img/targets/BOSS/high_familiarity_downsized/cond4/095_pintofbeer.jpg,near,7,10,10,157,45510,156.59375,127.768838,3,7,9,2,6,5,2,7,289,136.59375,702,702,136.59375,991,838.59375,289,447,147.59375,560,560,147.59375,1007,707.59375,447,477,177.59375,500,500,177.59375,977,677.59375,477,0,0,1024,1280,1008,1264
sub_001,cb6,938.8,649,523,7,5,0,562.1171875,707.0390625,schema_ic,2,schema_pa,2,11,img/targets/BOSS/high_familiarity_downsized/cond3/058_englishcucumber.jpg,,11,3,102,138,49455,270.921875,203.5165832,1,5,2,9,10,1,1,3,289,136.59375,702,702,136.59375,991,838.59375,289,428,239.59375,560,560,239.59375,988,799.59375,428,458,269.59375,500,500,269.59375,958,769.59375,458,0,0,1024,1280,1008,1264
sub_001,cb6,934.1,648,266,2,5,1,649.4453125,260.0390625,schema_ic,2,schema_pa,2,12,img/targets/BOSS/high_familiarity_downsized/cond3/062_picnictable.jpg,,2,5,30,142,53396,7.40625,6.133653406,3,7,4,7,1,10,1,5,289,136.59375,702,702,136.59375,991,838.59375,289,432,167.59375,560,560,167.59375,992,727.59375,432,462,197.59375,500,500,197.59375,962,697.59375,462,0,0,1024,1280,1008,1264
sub_001,cb6,1097.9,537,665,10,4,0,512.1171875,709.0390625,schema_ic,2,schema_pa,2,13,img/targets/BOSS/high_familiarity_downsized/cond3/058_englishcucumber.jpg,,11,3,104,88,57499,68.921875,50.58254031,2,6,2,9,10,1,1,3,289,136.59375,702,702,136.59375,991,838.59375,289,378,241.59375,560,560,241.59375,938,801.59375,378,408,271.59375,500,500,271.59375,908,771.59375,408,0,0,1024,1280,1008,1264
sub_001,cb6,1563.2,472,519,5,2,0,827.4375,472.375,schema_ic,2,schema_pa,2,14,img/targets/BOSS/high_familiarity_downsized/cond3/065_cherrytomato01.jpg,,4,11,159,70,62070,402.0625,358.4825059,2,6,10,1,3,8,1,4,289,136.59375,702,702,136.59375,991,838.59375,289,360,296.59375,560,560,296.59375,920,856.59375,360,390,326.59375,500,500,326.59375,890,826.59375,390,0,0,1024,1280,1008,1264
sub_001,cb6,1606.3,574,635,9,6,1,592.1171875,624.7109375,schema_ic,2,schema_pa,2,15,img/targets/BOSS/high_familiarity_downsized/cond3/064_trafficlight.jpg,near,9,6,103,43,66681,28.40625,20.83500156,3,7,5,6,8,3,3,8,289,136.59375,702,702,136.59375,991,838.59375,289,333,240.59375,560,560,240.59375,893,800.59375,333,363,270.59375,500,500,270.59375,863,770.59375,363,0,0,1024,1280,1008,1264
sub_001,cb6,1911,504,611,10,2,0,525.4453125,588.7109375,schema_ic,2,schema_pa,2,16,img/targets/BOSS/high_familiarity_downsized/cond3/025_sink.jpg,,9,2,67,143,71599,43.734375,30.93062779,3,7,1,10,8,3,1,4,289,136.59375,702,702,136.59375,991,838.59375,289,433,204.59375,560,560,204.59375,993,764.59375,433,463,234.59375,500,500,234.59375,963,734.59375,463,0,0,1024,1280,1008,1264
sub_001,cb6,2525.1,743,478,7,10,0,453.1171875,656.0390625,schema_ic,2,schema_pa,2,17,img/targets/BOSS/high_familiarity_downsized/cond3/058_englishcucumber.jpg,,11,3,51,29,77131,467.921875,340.1910533,3,7,2,9,10,1,1,3,289,136.59375,702,702,136.59375,991,838.59375,289,319,188.59375,560,560,188.59375,879,748.59375,319,349,218.59375,500,500,218.59375,849,718.59375,349,0,0,1024,1280,1008,1264
sub_001,cb6,865.7,811,401,4,11,1,808.4375,403.375,schema_ic,2,schema_pa,2,18,img/targets/BOSS/high_familiarity_downsized/cond3/065_cherrytomato01.jpg,,4,11,90,51,81018,4.9375,3.493856215,3,7,10,1,3,8,1,4,289,136.59375,702,702,136.59375,991,838.59375,289,341,227.59375,560,560,227.59375,901,787.59375,341,371,257.59375,500,500,257.59375,871,757.59375,371,0,0,1024,1280,1008,1264
sub_001,cb6,2469.4,578,626,11,4,0,833.78125,472.375,schema_ic,2,schema_pa,2,19,img/targets/BOSS/high_familiarity_downsized/cond4/095_pintofbeer.jpg,near,7,10,34,118,86510,409.40625,298.3700529,4,8,9,2,6,5,2,7,289,136.59375,702,702,136.59375,991,838.59375,289,408,171.59375,560,560,171.59375,968,731.59375,408,438,201.59375,500,500,201.59375,938,701.59375,438,0,0,1024,1280,1008,1264
sub_001,cb6,NA,NA,NA,NA,NA,NA,561.1171875,619.0390625,schema_ic,2,schema_pa,2,20,img/targets/BOSS/high_familiarity_downsized/cond3/058_englishcucumber.jpg,,11,3,14,137,92517,NA,NA,4,8,2,9,10,1,1,3,289,136.59375,702,702,136.59375,991,838.59375,289,427,151.59375,560,560,151.59375,987,711.59375,427,457,181.59375,500,500,181.59375,957,681.59375,457,0,0,1024,1280,1008,1264
sub_001,cb6,1683.9,466,555,9,2,1,470.4453125,555.7109375,schema_ic,2,schema_pa,2,21,img/targets/BOSS/high_familiarity_downsized/cond3/025_sink.jpg,,9,2,34,88,97207,5.15625,4.501803567,4,8,1,10,8,3,1,4,289,136.59375,702,702,136.59375,991,838.59375,289,378,171.59375,560,560,171.59375,938,731.59375,378,408,201.59375,500,500,201.59375,908,701.59375,408,0,0,1024,1280,1008,1264
sub_001,cb6,1069.5,515,377,3,5,0,526.4453125,354.0390625,schema_ic,2,schema_pa,2,22,img/targets/BOSS/high_familiarity_downsized/cond3/062_picnictable.jpg,,2,5,124,19,101283,34.40625,25.65540546,4,8,4,7,1,10,1,5,289,136.59375,702,702,136.59375,991,838.59375,289,309,261.59375,560,560,261.59375,869,821.59375,309,339,291.59375,500,500,291.59375,839,791.59375,339,0,0,1024,1280,1008,1264
sub_001,cb6,1525.8,648,609,9,6,1,648.1171875,628.7109375,schema_ic,2,schema_pa,2,23,img/targets/BOSS/high_familiarity_downsized/cond3/064_trafficlight.jpg,near,9,6,107,99,105815,19.828125,19.71128585,4,8,5,6,8,3,3,8,289,136.59375,702,702,136.59375,991,838.59375,289,389,244.59375,560,560,244.59375,949,804.59375,389,419,274.59375,500,500,274.59375,919,774.59375,419,0,0,1024,1280,1008,1264
sub_001,cb6,945.3,773,325,4,11,1,790.4375,328.375,schema_ic,2,schema_pa,2,24,img/targets/BOSS/high_familiarity_downsized/cond3/065_cherrytomato01.jpg,,4,11,15,33,109768,20.8125,17.76111008,4,8,10,1,3,8,1,4,289,136.59375,702,702,136.59375,991,838.59375,289,323,152.59375,560,560,152.59375,883,712.59375,323,353,182.59375,500,500,182.59375,853,682.59375,353,0,0,1024,1280,1008,1264
sub_001,cb6,1248.7,705,552,6,7,0,592.78125,535.703125,schema_ic,2,new_pa,1,1,img/targets/BOSS/high_familiarity_downsized/cond3/068_cow.jpg,far,6,4,139,127,5207,128.515625,113.3959258,1,1,3,8,5,6,3,8,289,136.59375,702,702,136.59375,991,838.59375,289,417,276.59375,560,560,276.59375,977,836.59375,417,447,306.59375,500,500,306.59375,947,806.59375,447,0,0,1024,1280,1008,1264
sub_001,cb6,765.8,542,550,9,5,0,605.78125,368.03125,schema_ic,2,new_pa,1,2,img/targets/BOSS/high_familiarity_downsized/cond3/069_drumset.jpg,far,5,7,13,15,8994,245.75,192.8229079,1,1,6,5,4,7,4,9,289,136.59375,702,702,136.59375,991,838.59375,289,305,150.59375,560,560,150.59375,865,710.59375,305,335,180.59375,500,500,180.59375,835,680.59375,335,0,0,1024,1280,1008,1264
sub_001,cb6,483.5,616,461,7,7,0,457.1171875,303.7109375,schema_ic,2,new_pa,1,3,img/targets/BOSS/high_familiarity_downsized/cond3/071_fluorescentlightbulb.jpg,,3,3,32,33,12490,316.171875,223.5701172,1,1,2,9,2,9,2,4,289,136.59375,702,702,136.59375,991,838.59375,289,323,169.59375,560,560,169.59375,883,729.59375,323,353,199.59375,500,500,199.59375,853,699.59375,353,0,0,1024,1280,1008,1264
sub_001,cb6,1101.8,600,548,8,7,0,555.1171875,561.0390625,schema_ic,2,new_pa,1,4,img/targets/BOSS/high_familiarity_downsized/cond3/066_atm.jpg,near,8,6,81,6,16632,57.921875,46.73846391,1,1,5,6,7,4,4,9,289,136.59375,702,702,136.59375,991,838.59375,289,296,218.59375,560,560,218.59375,856,778.59375,296,326,248.59375,500,500,248.59375,826,748.59375,326,0,0,1024,1280,1008,1264
sub_001,cb6,1093.9,745,501,6,7,0,727.78125,465.03125,schema_ic,2,new_pa,1,5,img/targets/BOSS/high_familiarity_downsized/cond3/069_drumset.jpg,far,5,7,110,137,20762,53.1875,39.87776734,2,2,6,5,4,7,4,9,289,136.59375,702,702,136.59375,991,838.59375,289,427,247.59375,560,560,247.59375,987,807.59375,427,457,277.59375,500,500,277.59375,957,777.59375,457,0,0,1024,1280,1008,1264
sub_001,cb6,483.8,653,468,6,8,0,633.4453125,657.0390625,schema_ic,2,new_pa,1,6,img/targets/BOSS/high_familiarity_downsized/cond3/096_rockingchair.jpg,,11,8,52,1,24275,208.59375,190.0477649,1,1,7,4,10,1,1,5,289,136.59375,702,702,136.59375,991,838.59375,289,291,189.59375,560,560,189.59375,851,749.59375,291,321,219.59375,500,500,219.59375,821,719.59375,321,0,0,1024,1280,1008,1264
sub_001,cb6,1552.7,623,476,4,7,0,612.78125,499.03125,schema_ic,2,new_pa,1,7,img/targets/BOSS/high_familiarity_downsized/cond3/069_drumset.jpg,far,5,7,144,22,28860,33.25,25.19645467,3,3,6,5,4,7,4,9,289,136.59375,702,702,136.59375,991,838.59375,289,312,281.59375,560,560,281.59375,872,841.59375,312,342,311.59375,500,500,311.59375,842,811.59375,342,0,0,1024,1280,1008,1264
sub_001,cb6,902.1,531,387,2,3,0,731.4453125,749.0390625,schema_ic,2,new_pa,1,8,img/targets/BOSS/high_familiarity_downsized/cond3/096_rockingchair.jpg,,11,8,144,99,32769,562.484375,413.8243662,2,2,7,4,10,1,1,5,289,136.59375,702,702,136.59375,991,838.59375,289,389,281.59375,560,560,281.59375,949,841.59375,389,419,311.59375,500,500,311.59375,919,811.59375,419,0,0,1024,1280,1008,1264
sub_001,cb6,827.6,627,557,6,4,1,611.78125,537.703125,schema_ic,2,new_pa,1,9,img/targets/BOSS/high_familiarity_downsized/cond3/068_cow.jpg,far,6,4,141,146,36602,34.515625,24.57599919,2,2,3,8,5,6,3,8,289,136.59375,702,702,136.59375,991,838.59375,289,436,278.59375,560,560,278.59375,996,838.59375,436,466,308.59375,500,500,308.59375,966,808.59375,466,0,0,1024,1280,1008,1264
sub_001,cb6,1092,505,702,10,3,0,760.109375,558.375,schema_ic,2,new_pa,1,10,img/targets/BOSS/high_familiarity_downsized/cond3/067_christmastree.jpg,near,7,9,120,86,40701,398.734375,292.7608817,1,1,8,3,6,5,3,8,289,136.59375,702,702,136.59375,991,838.59375,289,376,257.59375,560,560,257.59375,936,817.59375,376,406,287.59375,500,500,287.59375,906,787.59375,406,0,0,1024,1280,1008,1264
sub_001,cb6,589.6,764,560,7,7,0,707.1171875,587.0390625,schema_ic,2,new_pa,1,11,img/targets/BOSS/high_familiarity_downsized/cond3/066_atm.jpg,near,8,6,107,158,44297,83.921875,62.98226146,2,2,5,6,7,4,4,9,289,136.59375,702,702,136.59375,991,838.59375,289,448,244.59375,560,560,244.59375,1008,804.59375,448,478,274.59375,500,500,274.59375,978,774.59375,478,0,0,1024,1280,1008,1264
sub_001,cb6,913,779,732,10,8,0,776.4453125,758.0390625,schema_ic,2,new_pa,1,12,img/targets/BOSS/high_familiarity_downsized/cond3/096_rockingchair.jpg,,11,8,153,144,48217,28.59375,26.16408233,3,3,7,4,10,1,1,5,289,136.59375,702,702,136.59375,991,838.59375,289,434,290.59375,560,560,290.59375,994,850.59375,434,464,320.59375,500,500,320.59375,964,820.59375,464,0,0,1024,1280,1008,1264
sub_001,cb6,1306,732,477,6,9,0,724.109375,540.375,schema_ic,2,new_pa,1,13,img/targets/BOSS/high_familiarity_downsized/cond3/067_christmastree.jpg,near,7,9,102,50,52530,71.265625,63.86432954,2,2,8,3,6,5,3,8,289,136.59375,702,702,136.59375,991,838.59375,289,340,239.59375,560,560,239.59375,900,799.59375,340,370,269.59375,500,500,269.59375,870,769.59375,370,0,0,1024,1280,1008,1264
sub_001,cb6,2306.1,614,445,6,6,0,603.1171875,546.0390625,schema_ic,2,new_pa,1,14,img/targets/BOSS/high_familiarity_downsized/cond3/066_atm.jpg,near,8,6,66,54,57843,111.921875,101.6234607,3,3,5,6,7,4,4,9,289,136.59375,702,702,136.59375,991,838.59375,289,344,203.59375,560,560,203.59375,904,763.59375,344,374,233.59375,500,500,233.59375,874,733.59375,374,0,0,1024,1280,1008,1264
sub_001,cb6,995.5,720,584,7,9,1,717.109375,595.375,schema_ic,2,new_pa,1,15,img/targets/BOSS/high_familiarity_downsized/cond3/067_christmastree.jpg,near,7,9,157,43,61845,14.265625,11.73653858,3,3,8,3,6,5,3,8,289,136.59375,702,702,136.59375,991,838.59375,289,333,294.59375,560,560,294.59375,893,854.59375,333,363,324.59375,500,500,324.59375,863,824.59375,363,0,0,1024,1280,1008,1264
sub_001,cb6,1334,563,417,5,6,0,604.78125,399.03125,schema_ic,2,new_pa,1,16,img/targets/BOSS/high_familiarity_downsized/cond3/069_drumset.jpg,far,5,7,44,14,66184,59.75,45.48130196,4,4,6,5,4,7,4,9,289,136.59375,702,702,136.59375,991,838.59375,289,304,181.59375,560,560,181.59375,864,741.59375,304,334,211.59375,500,500,211.59375,834,711.59375,334,0,0,1024,1280,1008,1264
sub_001,cb6,883.4,573,259,3,4,0,543.1171875,275.7109375,schema_ic,2,new_pa,1,17,img/targets/BOSS/high_familiarity_downsized/cond3/071_fluorescentlightbulb.jpg,,3,3,4,119,70075,46.59375,34.23796015,2,2,2,9,2,9,2,4,289,136.59375,702,702,136.59375,991,838.59375,289,409,141.59375,560,560,141.59375,969,701.59375,409,439,171.59375,500,500,171.59375,939,671.59375,439,0,0,1024,1280,1008,1264
sub_001,cb6,1293.5,811,497,7,9,1,799.109375,497.375,schema_ic,2,new_pa,1,18,img/targets/BOSS/high_familiarity_downsized/cond3/067_christmastree.jpg,near,7,9,59,125,74375,12.265625,11.8965368,4,4,8,3,6,5,3,8,289,136.59375,702,702,136.59375,991,838.59375,289,415,196.59375,560,560,196.59375,975,756.59375,415,445,226.59375,500,500,226.59375,945,726.59375,445,0,0,1024,1280,1008,1264
sub_001,cb6,987.8,410,276,3,3,1,424.1171875,288.7109375,schema_ic,2,new_pa,1,19,img/targets/BOSS/high_familiarity_downsized/cond3/071_fluorescentlightbulb.jpg,,3,3,17,0,78368,26.828125,18.99639216,3,3,2,9,2,9,2,4,289,136.59375,702,702,136.59375,991,838.59375,289,290,154.59375,560,560,154.59375,850,714.59375,290,320,184.59375,500,500,184.59375,820,684.59375,320,0,0,1024,1280,1008,1264
sub_001,cb6,933.8,741,627,10,8,0,744.4453125,655.0390625,schema_ic,2,new_pa,1,20,img/targets/BOSS/high_familiarity_downsized/cond3/096_rockingchair.jpg,,11,8,50,112,82307,31.484375,28.24994167,4,4,7,4,10,1,1,5,289,136.59375,702,702,136.59375,991,838.59375,289,402,187.59375,560,560,187.59375,962,747.59375,402,432,217.59375,500,500,217.59375,932,717.59375,432,0,0,1024,1280,1008,1264
sub_001,cb6,866.5,480,396,6,4,1,466.78125,410.703125,schema_ic,2,new_pa,1,21,img/targets/BOSS/high_familiarity_downsized/cond3/068_cow.jpg,far,6,4,14,1,86180,27.921875,19.77162705,3,3,3,8,5,6,3,8,289,136.59375,702,702,136.59375,991,838.59375,289,291,151.59375,560,560,151.59375,851,711.59375,291,321,181.59375,500,500,181.59375,821,681.59375,321,0,0,1024,1280,1008,1264
sub_001,cb6,818.1,565,277,3,3,1,569.1171875,293.7109375,schema_ic,2,new_pa,1,22,img/targets/BOSS/high_familiarity_downsized/cond3/071_fluorescentlightbulb.jpg,,3,3,22,145,90005,20.828125,17.21065557,4,4,2,9,2,9,2,4,289,136.59375,702,702,136.59375,991,838.59375,289,435,159.59375,560,560,159.59375,995,719.59375,435,465,189.59375,500,500,189.59375,965,689.59375,465,0,0,1024,1280,1008,1264
sub_001,cb6,733.7,580,457,6,4,1,592.78125,456.703125,schema_ic,2,new_pa,1,23,img/targets/BOSS/high_familiarity_downsized/cond3/068_cow.jpg,far,6,4,60,127,93750,13.078125,12.78469735,4,4,3,8,5,6,3,8,289,136.59375,702,702,136.59375,991,838.59375,289,417,197.59375,560,560,197.59375,977,757.59375,417,447,227.59375,500,500,227.59375,947,727.59375,447,0,0,1024,1280,1008,1264
sub_001,cb6,1552.3,647,532,7,6,0,638.1171875,590.0390625,schema_ic,2,new_pa,1,24,img/targets/BOSS/high_familiarity_downsized/cond3/066_atm.jpg,near,8,6,110,89,98307,66.921875,58.71488,4,4,5,6,7,4,4,9,289,136.59375,702,702,136.59375,991,838.59375,289,379,247.59375,560,560,247.59375,939,807.59375,379,409,277.59375,500,500,277.59375,909,777.59375,409,0,0,1024,1280,1008,1264
sub_001,cb6,1170.2,554,516,6,6,0,727.78125,339.03125,schema_c,3,schema_pa,1,1,img/targets/BOSS/high_familiarity_downsized/cond4/079_rose.jpg,,2,10,109,12,5115,350.75,248.0279447,1,1,9,2,1,10,1,3,289,136.59375,702,702,136.59375,991,838.59375,289,302,246.59375,560,560,246.59375,862,806.59375,302,332,276.59375,500,500,276.59375,832,776.59375,332,0,0,1024,1280,1008,1264
sub_001,cb6,708.2,650,528,7,6,0,872.4375,642.375,schema_c,3,schema_pa,1,2,img/targets/BOSS/high_familiarity_downsized/cond4/081_shovel01.jpg,,10,11,79,115,8861,336.8125,250.1201352,1,1,10,1,9,2,1,3,289,136.59375,702,702,136.59375,991,838.59375,289,405,216.59375,560,560,216.59375,965,776.59375,405,435,246.59375,500,500,246.59375,935,746.59375,435,0,0,1024,1280,1008,1264
sub_001,cb6,1463.8,681,617,10,8,0,473.109375,490.375,schema_c,3,schema_pa,1,3,img/targets/BOSS/high_familiarity_downsized/cond4/073_jackolantern.jpg,near,7,3,52,49,13372,334.515625,243.418164,1,1,2,9,6,5,2,7,289,136.59375,702,702,136.59375,991,838.59375,289,339,189.59375,560,560,189.59375,899,749.59375,339,369,219.59375,500,500,219.59375,869,719.59375,369,0,0,1024,1280,1008,1264
sub_001,cb6,486.3,619,515,8,4,0,689.109375,367.375,schema_c,3,schema_pa,1,4,img/targets/BOSS/high_familiarity_downsized/cond4/077_payphone.jpg,near,4,6,54,140,16892,217.734375,163.4272471,1,1,5,6,3,8,3,8,289,136.59375,702,702,136.59375,991,838.59375,289,430,191.59375,560,560,191.59375,990,751.59375,430,460,221.59375,500,500,221.59375,960,721.59375,460,0,0,1024,1280,1008,1264
sub_001,cb6,262.8,689,368,5,9,0,392.4453125,275.7109375,schema_c,3,schema_pa,1,5,img/targets/BOSS/high_familiarity_downsized/cond4/072_gift01.jpg,,3,2,4,10,20187,388.84375,310.5832477,1,1,1,10,2,9,1,3,289,136.59375,702,702,136.59375,991,838.59375,289,300,141.59375,560,560,141.59375,860,701.59375,300,330,171.59375,500,500,171.59375,830,671.59375,330,0,0,1024,1280,1008,1264
sub_001,cb6,993.4,463,689,9,3,0,815.4375,717.375,schema_c,3,schema_pa,1,6,img/targets/BOSS/high_familiarity_downsized/cond4/081_shovel01.jpg,,10,11,154,58,24192,380.8125,353.5779009,2,2,10,1,9,2,1,3,289,136.59375,702,702,136.59375,991,838.59375,289,348,291.59375,560,560,291.59375,908,851.59375,348,378,321.59375,500,500,321.59375,878,821.59375,378,0,0,1024,1280,1008,1264
sub_001,cb6,1064.4,665,561,7,7,0,488.109375,581.375,schema_c,3,schema_pa,1,7,img/targets/BOSS/high_familiarity_downsized/cond4/073_jackolantern.jpg,near,7,3,143,64,28277,197.265625,178.0601972,2,2,2,9,6,5,2,7,289,136.59375,702,702,136.59375,991,838.59375,289,354,280.59375,560,560,280.59375,914,840.59375,354,384,310.59375,500,500,310.59375,884,810.59375,384,0,0,1024,1280,1008,1264
sub_001,cb6,449.4,522,559,9,2,0,502.4453125,330.7109375,schema_c,3,schema_pa,1,8,img/targets/BOSS/high_familiarity_downsized/cond4/072_gift01.jpg,,3,2,59,120,31733,247.84375,229.1250354,2,2,1,10,2,9,1,3,289,136.59375,702,702,136.59375,991,838.59375,289,410,196.59375,560,560,196.59375,970,756.59375,410,440,226.59375,500,500,226.59375,940,726.59375,440,0,0,1024,1280,1008,1264
sub_001,cb6,709.2,617,406,6,7,0,571.109375,320.375,schema_c,3,schema_pa,1,9,img/targets/BOSS/high_familiarity_downsized/cond4/077_payphone.jpg,near,4,6,7,22,35449,131.515625,97.14725981,2,2,5,6,3,8,3,8,289,136.59375,702,702,136.59375,991,838.59375,289,312,144.59375,560,560,144.59375,872,704.59375,312,342,174.59375,500,500,174.59375,842,674.59375,342,0,0,1024,1280,1008,1264
sub_001,cb6,635.1,619,505,6,5,0,609.4453125,721.0390625,schema_c,3,schema_pa,1,10,img/targets/BOSS/high_familiarity_downsized/cond4/075_kiwi03.jpg,,11,5,116,102,39092,225.59375,216.2502453,1,1,4,7,10,1,1,5,289,136.59375,702,702,136.59375,991,838.59375,289,392,253.59375,560,560,253.59375,952,813.59375,392,422,283.59375,500,500,283.59375,922,783.59375,422,0,0,1024,1280,1008,1264
sub_001,cb6,864.3,778,285,3,9,0,810.78125,256.03125,schema_c,3,schema_pa,1,11,img/targets/BOSS/high_familiarity_downsized/cond4/079_rose.jpg,,2,10,26,95,42961,61.75,43.7469865,2,2,9,2,1,10,1,3,289,136.59375,702,702,136.59375,991,838.59375,289,385,163.59375,560,560,163.59375,945,723.59375,385,415,193.59375,500,500,193.59375,915,693.59375,415,0,0,1024,1280,1008,1264
sub_001,cb6,841.3,593,359,4,6,0,572.4453125,650.0390625,schema_c,3,schema_pa,1,12,img/targets/BOSS/high_familiarity_downsized/cond4/075_kiwi03.jpg,,11,5,45,65,46810,311.59375,291.7639989,2,2,4,7,10,1,1,5,289,136.59375,702,702,136.59375,991,838.59375,289,355,182.59375,560,560,182.59375,915,742.59375,355,385,212.59375,500,500,212.59375,885,712.59375,385,0,0,1024,1280,1008,1264
sub_001,cb6,763.2,555,322,3,3,0,688.109375,364.375,schema_c,3,schema_pa,1,13,img/targets/BOSS/high_familiarity_downsized/cond4/077_payphone.jpg,near,4,6,51,139,50580,175.484375,139.6916116,3,3,5,6,3,8,3,8,289,136.59375,702,702,136.59375,991,838.59375,289,429,188.59375,560,560,188.59375,989,748.59375,429,459,218.59375,500,500,218.59375,959,718.59375,459,0,0,1024,1280,1008,1264
sub_001,cb6,933.7,878,600,10,11,1,879.4375,608.375,schema_c,3,schema_pa,1,14,img/targets/BOSS/high_familiarity_downsized/cond4/081_shovel01.jpg,,10,11,45,122,54520,9.8125,8.497472051,3,3,10,1,9,2,1,3,289,136.59375,702,702,136.59375,991,838.59375,289,412,182.59375,560,560,182.59375,972,742.59375,412,442,212.59375,500,500,212.59375,942,712.59375,442,0,0,1024,1280,1008,1264
sub_001,cb6,1061.7,545,616,11,4,0,490.109375,450.375,schema_c,3,schema_pa,1,15,img/targets/BOSS/high_familiarity_downsized/cond4/073_jackolantern.jpg,near,7,3,12,66,58589,220.515625,174.4838713,3,3,2,9,6,5,2,7,289,136.59375,702,702,136.59375,991,838.59375,289,356,149.59375,560,560,149.59375,916,709.59375,356,386,179.59375,500,500,179.59375,886,679.59375,386,0,0,1024,1280,1008,1264
sub_001,cb6,564.8,453,312,3,2,1,448.4453125,292.7109375,schema_c,3,schema_pa,1,16,img/targets/BOSS/high_familiarity_downsized/cond4/072_gift01.jpg,,3,2,21,66,62160,23.84375,19.81951337,3,3,1,10,2,9,1,3,289,136.59375,702,702,136.59375,991,838.59375,289,356,158.59375,560,560,158.59375,916,718.59375,356,386,188.59375,500,500,188.59375,886,688.59375,386,0,0,1024,1280,1008,1264
sub_001,cb6,1899,566,688,11,6,0,545.4453125,682.0390625,schema_c,3,schema_pa,1,17,img/targets/BOSS/high_familiarity_downsized/cond4/075_kiwi03.jpg,,11,5,77,38,67065,26.515625,21.40158765,3,3,4,7,10,1,1,5,289,136.59375,702,702,136.59375,991,838.59375,289,328,214.59375,560,560,214.59375,888,774.59375,328,358,244.59375,500,500,244.59375,858,744.59375,358,0,0,1024,1280,1008,1264
sub_001,cb6,775.3,724,278,2,10,1,736.78125,269.03125,schema_c,3,schema_pa,1,18,img/targets/BOSS/high_familiarity_downsized/cond4/079_rose.jpg,,2,10,39,21,70848,21.75,15.61405867,3,3,9,2,1,10,1,3,289,136.59375,702,702,136.59375,991,838.59375,289,311,176.59375,560,560,176.59375,871,736.59375,311,341,206.59375,500,500,206.59375,841,706.59375,341,0,0,1024,1280,1008,1264
sub_001,cb6,739.6,501,288,3,2,1,494.4453125,291.7109375,schema_c,3,schema_pa,1,19,img/targets/BOSS/high_familiarity_downsized/cond4/072_gift01.jpg,,3,2,20,112,74593,10.265625,7.532262964,4,4,1,10,2,9,1,3,289,136.59375,702,702,136.59375,991,838.59375,289,402,157.59375,560,560,157.59375,962,717.59375,402,432,187.59375,500,500,187.59375,932,687.59375,432,0,0,1024,1280,1008,1264
sub_001,cb6,719.9,820,285,2,10,1,810.78125,280.03125,schema_c,3,schema_pa,1,20,img/targets/BOSS/high_familiarity_downsized/cond4/079_rose.jpg,,2,10,50,95,78319,14.1875,10.4725273,4,4,9,2,1,10,1,3,289,136.59375,702,702,136.59375,991,838.59375,289,385,187.59375,560,560,187.59375,945,747.59375,385,415,217.59375,500,500,217.59375,915,717.59375,415,0,0,1024,1280,1008,1264
sub_001,cb6,1114.4,511,678,11,4,0,461.109375,525.375,schema_c,3,schema_pa,1,21,img/targets/BOSS/high_familiarity_downsized/cond4/073_jackolantern.jpg,near,7,3,87,37,82442,202.515625,160.5723049,4,4,2,9,6,5,2,7,289,136.59375,702,702,136.59375,991,838.59375,289,327,224.59375,560,560,224.59375,887,784.59375,327,357,254.59375,500,500,254.59375,857,754.59375,357,0,0,1024,1280,1008,1264
sub_001,cb6,704.8,563,588,11,5,1,580.4453125,605.0390625,schema_c,3,schema_pa,1,22,img/targets/BOSS/high_familiarity_downsized/cond4/075_kiwi03.jpg,,11,5,0,73,86151,34.484375,24.38582742,4,4,4,7,10,1,1,5,289,136.59375,702,702,136.59375,991,838.59375,289,363,137.59375,560,560,137.59375,923,697.59375,363,393,167.59375,500,500,167.59375,893,667.59375,393,0,0,1024,1280,1008,1264
sub_001,cb6,875.8,677,470,7,6,0,671.109375,365.375,schema_c,3,schema_pa,1,23,img/targets/BOSS/high_familiarity_downsized/cond4/077_payphone.jpg,near,4,6,52,122,90033,110.515625,104.7906966,4,4,5,6,3,8,3,8,289,136.59375,702,702,136.59375,991,838.59375,289,412,189.59375,560,560,189.59375,972,749.59375,412,442,219.59375,500,500,219.59375,942,719.59375,442,0,0,1024,1280,1008,1264
sub_001,cb6,1113.9,911,603,10,11,1,904.4375,616.375,schema_c,3,schema_pa,1,24,img/targets/BOSS/high_familiarity_downsized/cond4/081_shovel01.jpg,,10,11,53,147,94153,19.9375,14.89822242,4,4,10,1,9,2,1,3,289,136.59375,702,702,136.59375,991,838.59375,289,437,190.59375,560,560,190.59375,997,750.59375,437,467,220.59375,500,500,220.59375,967,720.59375,467,0,0,1024,1280,1008,1264
sub_001,cb6,886.1,611,677,11,5,1,612.4453125,665.0390625,schema_c,3,schema_pa,2,1,img/targets/BOSS/high_familiarity_downsized/cond4/075_kiwi03.jpg,,11,5,60,105,5211,13.40625,12.04794398,1,5,4,7,10,1,1,5,289,136.59375,702,702,136.59375,991,838.59375,289,395,197.59375,560,560,197.59375,955,757.59375,395,425,227.59375,500,500,227.59375,925,727.59375,425,0,0,1024,1280,1008,1264
sub_001,cb6,861.7,423,357,3,2,1,428.4453125,354.7109375,schema_c,3,schema_pa,2,2,img/targets/BOSS/high_familiarity_downsized/cond4/072_gift01.jpg,,3,2,83,46,9112,7.734375,5.90688034,1,5,1,10,2,9,1,3,289,136.59375,702,702,136.59375,991,838.59375,289,336,220.59375,560,560,220.59375,896,780.59375,336,366,250.59375,500,500,250.59375,866,750.59375,366,0,0,1024,1280,1008,1264
sub_001,cb6,1237.9,843,692,10,11,1,834.4375,683.375,schema_c,3,schema_pa,2,3,img/targets/BOSS/high_familiarity_downsized/cond4/081_shovel01.jpg,,10,11,120,77,13394,17.1875,12.15347815,1,5,10,1,9,2,1,3,289,136.59375,702,702,136.59375,991,838.59375,289,367,257.59375,560,560,257.59375,927,817.59375,367,397,287.59375,500,500,287.59375,897,787.59375,397,0,0,1024,1280,1008,1264
sub_001,cb6,1046.6,834,253,2,10,1,847.78125,248.03125,schema_c,3,schema_pa,2,4,img/targets/BOSS/high_familiarity_downsized/cond4/079_rose.jpg,,2,10,18,132,17453,18.75,14.6496187,1,5,9,2,1,10,1,3,289,136.59375,702,702,136.59375,991,838.59375,289,422,155.59375,560,560,155.59375,982,715.59375,422,452,185.59375,500,500,185.59375,952,685.59375,452,0,0,1024,1280,1008,1264
sub_001,cb6,1057.9,479,676,11,4,0,507.4453125,672.0390625,schema_c,3,schema_pa,2,5,img/targets/BOSS/high_familiarity_downsized/cond4/075_kiwi03.jpg,,11,5,67,0,21530,32.40625,28.71976374,2,6,4,7,10,1,1,5,289,136.59375,702,702,136.59375,991,838.59375,289,290,204.59375,560,560,204.59375,850,764.59375,290,320,234.59375,500,500,234.59375,820,734.59375,320,0,0,1024,1280,1008,1264
sub_001,cb6,999,598,345,4,6,1,601.109375,338.375,schema_c,3,schema_pa,2,6,img/targets/BOSS/high_familiarity_downsized/cond4/077_payphone.jpg,near,4,6,25,52,25569,9.734375,7.318390389,1,5,5,6,3,8,3,8,289,136.59375,702,702,136.59375,991,838.59375,289,342,162.59375,560,560,162.59375,902,722.59375,342,372,192.59375,500,500,192.59375,872,692.59375,372,0,0,1024,1280,1008,1264
sub_001,cb6,1061,553,522,7,3,1,560.109375,524.375,schema_c,3,schema_pa,2,7,img/targets/BOSS/high_familiarity_downsized/cond4/073_jackolantern.jpg,near,7,3,86,136,29653,9.484375,7.495587895,1,5,2,9,6,5,2,7,289,136.59375,702,702,136.59375,991,838.59375,289,426,223.59375,560,560,223.59375,986,783.59375,426,456,253.59375,500,500,253.59375,956,753.59375,456,0,0,1024,1280,1008,1264
sub_001,cb6,1092.8,497,726,11,5,1,516.4453125,720.0390625,schema_c,3,schema_pa,2,8,img/targets/BOSS/high_familiarity_downsized/cond4/075_kiwi03.jpg,,11,5,115,9,33753,25.40625,20.33845997,3,7,4,7,10,1,1,5,289,136.59375,702,702,136.59375,991,838.59375,289,299,252.59375,560,560,252.59375,859,812.59375,299,329,282.59375,500,500,282.59375,829,782.59375,329,0,0,1024,1280,1008,1264
sub_001,cb6,846.4,811,716,10,11,1,809.4375,718.375,schema_c,3,schema_pa,2,9,img/targets/BOSS/high_familiarity_downsized/cond4/081_shovel01.jpg,,10,11,155,52,37613,3.9375,2.842891354,2,6,10,1,9,2,1,3,289,136.59375,702,702,136.59375,991,838.59375,289,342,292.59375,560,560,292.59375,902,852.59375,342,372,322.59375,500,500,322.59375,872,822.59375,372,0,0,1024,1280,1008,1264
sub_001,cb6,845.6,488,702,11,4,0,511.4453125,711.0390625,schema_c,3,schema_pa,2,10,img/targets/BOSS/high_familiarity_downsized/cond4/075_kiwi03.jpg,,11,5,106,4,41471,32.484375,25.12742186,4,8,4,7,10,1,1,5,289,136.59375,702,702,136.59375,991,838.59375,289,294,243.59375,560,560,243.59375,854,803.59375,294,324,273.59375,500,500,273.59375,824,773.59375,324,0,0,1024,1280,1008,1264
sub_001,cb6,705.7,451,410,4,2,0,437.4453125,384.7109375,schema_c,3,schema_pa,2,11,img/targets/BOSS/high_familiarity_downsized/cond4/072_gift01.jpg,,3,2,113,55,45183,38.84375,28.69261639,2,6,1,10,2,9,1,3,289,136.59375,702,702,136.59375,991,838.59375,289,345,250.59375,560,560,250.59375,905,810.59375,345,375,280.59375,500,500,280.59375,875,780.59375,375,0,0,1024,1280,1008,1264
sub_001,cb6,793.6,775,686,10,11,1,774.4375,686.375,schema_c,3,schema_pa,2,12,img/targets/BOSS/high_familiarity_downsized/cond4/081_shovel01.jpg,,10,11,123,17,48982,0.9375,0.676040864,3,7,10,1,9,2,1,3,289,136.59375,702,702,136.59375,991,838.59375,289,307,260.59375,560,560,260.59375,867,820.59375,307,337,290.59375,500,500,290.59375,837,790.59375,337,0,0,1024,1280,1008,1264
sub_001,cb6,814.7,610,435,5,6,0,628.109375,400.375,schema_c,3,schema_pa,2,13,img/targets/BOSS/high_familiarity_downsized/cond4/077_payphone.jpg,near,4,6,87,79,52803,52.734375,39.07480119,2,6,5,6,3,8,3,8,289,136.59375,702,702,136.59375,991,838.59375,289,369,224.59375,560,560,224.59375,929,784.59375,369,399,254.59375,500,500,254.59375,899,754.59375,399,0,0,1024,1280,1008,1264
sub_001,cb6,871.4,591,484,7,3,1,582.109375,486.375,schema_c,3,schema_pa,2,14,img/targets/BOSS/high_familiarity_downsized/cond4/073_jackolantern.jpg,near,7,3,48,158,56682,11.265625,9.202382186,2,6,2,9,6,5,2,7,289,136.59375,702,702,136.59375,991,838.59375,289,448,185.59375,560,560,185.59375,1008,745.59375,448,478,215.59375,500,500,215.59375,978,715.59375,478,0,0,1024,1280,1008,1264
sub_001,cb6,991.2,421,310,3,2,1,415.4453125,319.7109375,schema_c,3,schema_pa,2,15,img/targets/BOSS/high_familiarity_downsized/cond4/072_gift01.jpg,,3,2,48,33,60693,15.265625,11.1873527,3,7,1,10,2,9,1,3,289,136.59375,702,702,136.59375,991,838.59375,289,323,185.59375,560,560,185.59375,883,745.59375,323,353,215.59375,500,500,215.59375,853,715.59375,353,0,0,1024,1280,1008,1264
sub_001,cb6,1305.8,681,452,5,6,0,671.109375,430.375,schema_c,3,schema_pa,2,16,img/targets/BOSS/high_familiarity_downsized/cond4/077_payphone.jpg,near,4,6,117,122,65005,31.515625,23.77950983,3,7,5,6,3,8,3,8,289,136.59375,702,702,136.59375,991,838.59375,289,412,254.59375,560,560,254.59375,972,814.59375,412,442,284.59375,500,500,284.59375,942,784.59375,442,0,0,1024,1280,1008,1264
sub_001,cb6,897.3,537,532,7,3,1,520.109375,532.375,schema_c,3,schema_pa,2,17,img/targets/BOSS/high_familiarity_downsized/cond4/073_jackolantern.jpg,near,7,3,94,96,68909,17.265625,16.8947873,3,7,2,9,6,5,2,7,289,136.59375,702,702,136.59375,991,838.59375,289,386,231.59375,560,560,231.59375,946,791.59375,386,416,261.59375,500,500,261.59375,916,761.59375,416,0,0,1024,1280,1008,1264
sub_001,cb6,696,759,348,2,10,1,775.78125,363.03125,schema_c,3,schema_pa,2,18,img/targets/BOSS/high_familiarity_downsized/cond4/079_rose.jpg,,2,10,133,60,72611,31.8125,22.52884436,2,6,9,2,1,10,1,3,289,136.59375,702,702,136.59375,991,838.59375,289,350,270.59375,560,560,270.59375,910,830.59375,350,380,300.59375,500,500,300.59375,880,800.59375,380,0,0,1024,1280,1008,1264
sub_001,cb6,759.7,435,392,3,2,1,443.4453125,391.7109375,schema_c,3,schema_pa,2,19,img/targets/BOSS/high_familiarity_downsized/cond4/072_gift01.jpg,,3,2,120,61,76376,8.734375,8.450258005,4,8,1,10,2,9,1,3,289,136.59375,702,702,136.59375,991,838.59375,289,351,257.59375,560,560,257.59375,911,817.59375,351,381,287.59375,500,500,287.59375,881,787.59375,381,0,0,1024,1280,1008,1264
sub_001,cb6,863.6,829,582,10,11,1,829.4375,581.375,schema_c,3,schema_pa,2,20,img/targets/BOSS/high_familiarity_downsized/cond4/081_shovel01.jpg,,10,11,18,72,80246,1.0625,0.762909726,4,8,10,1,9,2,1,3,289,136.59375,702,702,136.59375,991,838.59375,289,362,155.59375,560,560,155.59375,922,715.59375,362,392,185.59375,500,500,185.59375,892,685.59375,392,0,0,1024,1280,1008,1264
sub_001,cb6,808.6,769,365,2,10,1,775.78125,369.03125,schema_c,3,schema_pa,2,21,img/targets/BOSS/high_familiarity_downsized/cond4/079_rose.jpg,,2,10,139,60,84060,10.8125,7.889000452,3,7,9,2,1,10,1,3,289,136.59375,702,702,136.59375,991,838.59375,289,350,276.59375,560,560,276.59375,910,836.59375,350,380,306.59375,500,500,306.59375,880,806.59375,380,0,0,1024,1280,1008,1264
sub_001,cb6,992.5,585,407,4,6,1,584.109375,413.375,schema_c,3,schema_pa,2,22,img/targets/BOSS/high_familiarity_downsized/cond4/077_payphone.jpg,near,4,6,100,35,88058,7.265625,6.436912139,4,8,5,6,3,8,3,8,289,136.59375,702,702,136.59375,991,838.59375,289,325,237.59375,560,560,237.59375,885,797.59375,325,355,267.59375,500,500,267.59375,855,767.59375,355,0,0,1024,1280,1008,1264
sub_001,cb6,1064.5,737,254,2,10,1,755.78125,244.03125,schema_c,3,schema_pa,2,23,img/targets/BOSS/high_familiarity_downsized/cond4/079_rose.jpg,,2,10,14,40,92128,28.75,21.26290968,4,8,9,2,1,10,1,3,289,136.59375,702,702,136.59375,991,838.59375,289,330,151.59375,560,560,151.59375,890,711.59375,330,360,181.59375,500,500,181.59375,860,681.59375,360,0,0,1024,1280,1008,1264
sub_001,cb6,790.1,537,460,7,3,1,543.109375,448.375,schema_c,3,schema_pa,2,24,img/targets/BOSS/high_familiarity_downsized/cond4/073_jackolantern.jpg,near,7,3,10,119,95924,17.734375,13.13259639,4,8,2,9,6,5,2,7,289,136.59375,702,702,136.59375,991,838.59375,289,409,147.59375,560,560,147.59375,969,707.59375,409,439,177.59375,500,500,177.59375,939,677.59375,439,0,0,1024,1280,1008,1264
sub_001,cb6,1011.6,725,534,7,7,0,604.78125,524.375,schema_c,3,new_pa,1,1,img/targets/BOSS/high_familiarity_downsized/cond4/082_tortillachip.jpg,near,7,4,86,139,5005,129.84375,120.6034348,1,1,3,8,6,5,3,8,289,136.59375,702,702,136.59375,991,838.59375,289,429,223.59375,560,560,223.59375,989,783.59375,429,459,253.59375,500,500,253.59375,959,753.59375,459,0,0,1024,1280,1008,1264
sub_001,cb6,262.1,719,552,9,7,0,792.1171875,448.7109375,schema_c,3,new_pa,1,2,img/targets/BOSS/high_familiarity_downsized/cond4/103_bikewheel.jpg,far,6,9,52,118,8276,176.40625,126.5494115,1,1,8,3,5,6,3,8,289,136.59375,702,702,136.59375,991,838.59375,289,408,189.59375,560,560,189.59375,968,749.59375,408,438,219.59375,500,500,219.59375,938,719.59375,438,0,0,1024,1280,1008,1264
sub_001,cb6,261.9,656,419,4,8,0,574.1171875,470.0390625,schema_c,3,new_pa,1,3,img/targets/BOSS/high_familiarity_downsized/cond4/083_travelmug.jpg,near,5,6,115,25,11547,132.921875,96.4872058,1,1,5,6,4,7,4,9,289,136.59375,702,702,136.59375,991,838.59375,289,315,252.59375,560,560,252.59375,875,812.59375,315,345,282.59375,500,500,282.59375,845,782.59375,345,0,0,1024,1280,1008,1264
sub_001,cb6,448.8,600,522,9,7,0,596.78125,496.03125,schema_c,3,new_pa,1,4,img/targets/BOSS/high_familiarity_downsized/cond4/097_squirrel.jpg,far,8,7,16,6,15004,29.1875,26.16746698,1,1,6,5,7,4,4,9,289,136.59375,702,702,136.59375,991,838.59375,289,296,153.59375,560,560,153.59375,856,713.59375,296,326,183.59375,500,500,183.59375,826,683.59375,326,0,0,1024,1280,1008,1264
sub_001,cb6,1395.4,712,392,6,10,0,684.1171875,412.7109375,schema_c,3,new_pa,1,5,img/targets/BOSS/high_familiarity_downsized/cond4/103_bikewheel.jpg,far,6,9,16,10,19417,48.59375,34.73318536,2,2,8,3,5,6,3,8,289,136.59375,702,702,136.59375,991,838.59375,289,300,153.59375,560,560,153.59375,860,713.59375,300,330,183.59375,500,500,183.59375,830,683.59375,330,0,0,1024,1280,1008,1264
sub_001,cb6,1618.7,517,526,7,4,0,588.1171875,454.0390625,schema_c,3,new_pa,1,6,img/targets/BOSS/high_familiarity_downsized/cond4/083_travelmug.jpg,near,5,6,99,39,24077,143.078125,101.1732716,2,2,5,6,4,7,4,9,289,136.59375,702,702,136.59375,991,838.59375,289,329,236.59375,560,560,236.59375,889,796.59375,329,359,266.59375,500,500,266.59375,859,766.59375,359,0,0,1024,1280,1008,1264
sub_001,cb6,661,616,509,8,7,1,629.78125,507.03125,schema_c,3,new_pa,1,7,img/targets/BOSS/high_familiarity_downsized/cond4/097_squirrel.jpg,far,8,7,27,39,27766,15.75,13.92116475,2,2,6,5,7,4,4,9,289,136.59375,702,702,136.59375,991,838.59375,289,329,164.59375,560,560,164.59375,889,724.59375,329,359,194.59375,500,500,194.59375,859,694.59375,359,0,0,1024,1280,1008,1264
sub_001,cb6,885.2,733,453,6,9,1,728.1171875,461.7109375,schema_c,3,new_pa,1,8,img/targets/BOSS/high_familiarity_downsized/cond4/103_bikewheel.jpg,far,6,9,65,54,31657,13.59375,9.986104848,3,3,8,3,5,6,3,8,289,136.59375,702,702,136.59375,991,838.59375,289,344,202.59375,560,560,202.59375,904,762.59375,344,374,232.59375,500,500,232.59375,874,732.59375,374,0,0,1024,1280,1008,1264
sub_001,cb6,586.2,552,374,4,5,0,679.4453125,274.0390625,schema_c,3,new_pa,1,9,img/targets/BOSS/high_familiarity_downsized/cond4/104_honeybee.jpg,,2,8,44,47,35248,227.40625,161.9706662,1,1,7,4,1,10,1,5,289,136.59375,702,702,136.59375,991,838.59375,289,337,181.59375,560,560,181.59375,897,741.59375,337,367,211.59375,500,500,211.59375,867,711.59375,367,0,0,1024,1280,1008,1264
sub_001,cb6,821.2,646,646,11,8,0,425.109375,621.375,schema_c,3,new_pa,1,10,img/targets/BOSS/high_familiarity_downsized/cond3/056_cloud.jpg,,10,3,58,1,39075,245.515625,222.2589905,1,1,2,9,9,2,2,4,289,136.59375,702,702,136.59375,991,838.59375,289,291,195.59375,560,560,195.59375,851,755.59375,291,321,225.59375,500,500,225.59375,821,725.59375,321,0,0,1024,1280,1008,1264
sub_001,cb6,927.4,522,546,7,5,0,499.78125,554.375,schema_c,3,new_pa,1,11,img/targets/BOSS/high_familiarity_downsized/cond4/082_tortillachip.jpg,near,7,4,116,34,43009,30.59375,23.74475682,2,2,3,8,6,5,3,8,289,136.59375,702,702,136.59375,991,838.59375,289,324,253.59375,560,560,253.59375,884,813.59375,324,354,283.59375,500,500,283.59375,854,783.59375,354,0,0,1024,1280,1008,1264
sub_001,cb6,658.4,568,554,8,6,0,610.78125,567.03125,schema_c,3,new_pa,1,12,img/targets/BOSS/high_familiarity_downsized/cond4/097_squirrel.jpg,far,8,7,87,20,46675,55.8125,44.72190546,3,3,6,5,7,4,4,9,289,136.59375,702,702,136.59375,991,838.59375,289,310,224.59375,560,560,224.59375,870,784.59375,310,340,254.59375,500,500,254.59375,840,754.59375,340,0,0,1024,1280,1008,1264
sub_001,cb6,937.6,601,638,11,4,0,565.109375,600.375,schema_c,3,new_pa,1,13,img/targets/BOSS/high_familiarity_downsized/cond3/056_cloud.jpg,,10,3,37,141,50619,73.515625,51.99786138,2,2,2,9,9,2,2,4,289,136.59375,702,702,136.59375,991,838.59375,289,431,174.59375,560,560,174.59375,991,734.59375,431,461,204.59375,500,500,204.59375,961,704.59375,461,0,0,1024,1280,1008,1264
sub_001,cb6,843.1,613,461,7,4,1,606.78125,464.375,schema_c,3,new_pa,1,14,img/targets/BOSS/high_familiarity_downsized/cond4/082_tortillachip.jpg,near,7,4,26,141,54468,9.59375,7.075554859,3,3,3,8,6,5,3,8,289,136.59375,702,702,136.59375,991,838.59375,289,431,163.59375,560,560,163.59375,991,723.59375,431,461,193.59375,500,500,193.59375,961,693.59375,461,0,0,1024,1280,1008,1264
sub_001,cb6,1132.5,696,291,2,9,0,643.4453125,303.0390625,schema_c,3,new_pa,1,15,img/targets/BOSS/high_familiarity_downsized/cond4/104_honeybee.jpg,,2,8,73,11,58621,64.59375,53.9159921,2,2,7,4,1,10,1,5,289,136.59375,702,702,136.59375,991,838.59375,289,301,210.59375,560,560,210.59375,861,770.59375,301,331,240.59375,500,500,240.59375,831,740.59375,331,0,0,1024,1280,1008,1264
sub_001,cb6,2414.9,704,360,5,6,1,700.1171875,361.0390625,schema_c,3,new_pa,1,16,img/targets/BOSS/high_familiarity_downsized/cond4/083_travelmug.jpg,near,5,6,6,151,64050,4.921875,4.019438243,3,3,5,6,4,7,4,9,289,136.59375,702,702,136.59375,991,838.59375,289,441,143.59375,560,560,143.59375,1001,703.59375,441,471,173.59375,500,500,173.59375,971,673.59375,471,0,0,1024,1280,1008,1264
sub_001,cb6,888.8,796,300,2,8,1,786.4453125,306.0390625,schema_c,3,new_pa,1,17,img/targets/BOSS/high_familiarity_downsized/cond4/104_honeybee.jpg,,2,8,76,154,67951,15.59375,11.30319995,3,3,7,4,1,10,1,5,289,136.59375,702,702,136.59375,991,838.59375,289,444,213.59375,560,560,213.59375,1004,773.59375,444,474,243.59375,500,500,243.59375,974,743.59375,474,0,0,1024,1280,1008,1264
sub_001,cb6,1052.7,577,588,10,4,0,556.109375,579.375,schema_c,3,new_pa,1,18,img/targets/BOSS/high_familiarity_downsized/cond3/056_cloud.jpg,,10,3,16,132,72009,29.515625,22.60108046,3,3,2,9,9,2,2,4,289,136.59375,702,702,136.59375,991,838.59375,289,422,153.59375,560,560,153.59375,982,713.59375,422,452,183.59375,500,500,183.59375,952,683.59375,452,0,0,1024,1280,1008,1264
sub_001,cb6,1117.6,590,590,7,4,1,588.78125,582.375,schema_c,3,new_pa,1,19,img/targets/BOSS/high_familiarity_downsized/cond4/082_tortillachip.jpg,near,7,4,144,123,76133,8.84375,7.72178584,4,4,3,8,6,5,3,8,289,136.59375,702,702,136.59375,991,838.59375,289,413,281.59375,560,560,281.59375,973,841.59375,413,443,311.59375,500,500,311.59375,943,811.59375,443,0,0,1024,1280,1008,1264
sub_001,cb6,1270.2,600,406,5,6,1,606.1171875,404.0390625,schema_c,3,new_pa,1,20,img/targets/BOSS/high_familiarity_downsized/cond4/083_travelmug.jpg,near,5,6,49,57,80410,8.078125,6.423804075,4,4,5,6,4,7,4,9,289,136.59375,702,702,136.59375,991,838.59375,289,347,186.59375,560,560,186.59375,907,746.59375,347,377,216.59375,500,500,216.59375,877,716.59375,377,0,0,1024,1280,1008,1264
sub_001,cb6,674.2,570,622,10,4,0,549.109375,604.375,schema_c,3,new_pa,1,21,img/targets/BOSS/high_familiarity_downsized/cond3/056_cloud.jpg,,10,3,41,125,84098,38.515625,27.3323771,4,4,2,9,9,2,2,4,289,136.59375,702,702,136.59375,991,838.59375,289,415,178.59375,560,560,178.59375,975,738.59375,415,445,208.59375,500,500,208.59375,945,708.59375,445,0,0,1024,1280,1008,1264
sub_001,cb6,845.6,774,393,2,8,1,789.4453125,387.0390625,schema_c,3,new_pa,1,22,img/targets/BOSS/high_familiarity_downsized/cond4/104_honeybee.jpg,,2,8,157,157,87950,21.40625,16.5556774,4,4,7,4,1,10,1,5,289,136.59375,702,702,136.59375,991,838.59375,289,447,294.59375,560,560,294.59375,1007,854.59375,447,477,324.59375,500,500,324.59375,977,824.59375,477,0,0,1024,1280,1008,1264
sub_001,cb6,941.7,691,453,6,9,1,703.1171875,433.7109375,schema_c,3,new_pa,1,23,img/targets/BOSS/high_familiarity_downsized/cond4/103_bikewheel.jpg,far,6,9,37,29,91899,31.40625,22.77924856,4,4,8,3,5,6,3,8,289,136.59375,702,702,136.59375,991,838.59375,289,319,174.59375,560,560,174.59375,879,734.59375,319,349,204.59375,500,500,204.59375,849,704.59375,349,0,0,1024,1280,1008,1264
sub_001,cb6,956.7,658,500,8,7,1,674.78125,500.03125,schema_c,3,new_pa,1,24,img/targets/BOSS/high_familiarity_downsized/cond4/097_squirrel.jpg,far,8,7,20,84,95861,16.8125,16.7812791,4,4,6,5,7,4,4,9,289,136.59375,702,702,136.59375,991,838.59375,289,374,157.59375,560,560,157.59375,934,717.59375,374,404,187.59375,500,500,187.59375,904,687.59375,404,0,0,1024,1280,1008,1264
